ID,name,avg_rating
10,"Abbot, Judi",3
11,"Abbott, Tony",5
12,"Abela, Deborah",3
13,"Ablett, Barry",4
14,"Abouet, Marguerite",3
15,"Aburrow-Newman, Alan",5
16,"Adair, Gilbert",2
17,"Adams, Georgie",2
18,"Adams, Pam",3
19,"Adams, Sarah (Sarah L.)",3
20,"Adamson, Jean",5
21,"Addison, C. E. (Cornelius Elmore)",4
22,"Adl, Shirin",4
23,"Adshead, Paul",4
24,"Aguirre, Zuriñe",2
25,"Ahlberg, Allan",5
26,"Ahlberg, Janet",4
27,"Ahlberg, Jessica",5
28,"Ahmed, Sufiya",4
29,"Aigner-Clark, Julie",5
30,"Aiken, Joan",5
31,"Ainsworth, Alison",3
32,"Ainsworth, Ruth",4
33,"Akaltun, Eda",2
34,"Al-Mansour, Haifaa",3
35,"Aladjidi, Virginie",3
36,"Alakija, Polly",2
37,"Alborough, Jez",2
38,Alborozo,2
39,"Alcock, Vivien",3
40,"Alcott, Louisa May",5
41,"Alderson, Brian",3
42,"Aldridge, Alan",5
43,"Alemagna, Béatrice",5
44,"Alexander, Heather",5
45,"Alexander, Jenny",3
46,"Alexander, Lloyd",3
47,"Alexander, Rilla",5
48,"Alexander, Tom",4
49,"Alexie, Sherman",5
50,"Alfonsi, Alice",2
51,"Ali, Daud",4
52,Aliki,4
53,"Allan, Mabel Esther",5
54,"Allan, Nicholas",2
55,"Allan, Ted",2
56,"Allan, Tony",3
57,"Allen, Judy",4
58,"Allen, Pamela",2
59,"Allison, Catherine",5
60,"Almond, David",3
61,"Alperin, Mara",2
62,"Altés, Marta",2
63,"Amery, Heather",5
64,"Ames, Lee J.",3
65,"Andersen, H. C. (Hans Christian)",2
66,"Anderson, Clarence William",5
67,"Anderson, Jeff",2
68,"Anderson, Laura Ellen",3
69,"Anderson, Lena",3
70,"Anderson, M. T.",2
71,"Anderson, Rachel",3
72,"Anderson, Sorrel",4
73,"Anderson, Wayne",4
74,"Andreae, Giles",5
75,"Andrews, Julie",5
76,"Angeletti, Roberta",2
77,"Anglund, Joan Walsh",2
78,"Anholt, Catherine",2
79,"Anholt, Laurence",3
80,Ann,5
81,"Anno, Mitsumasa",5
82,"Antony, Steve",5
83,Anuradha Ananth,5
84,"Appelt, Kathi",2
85,"Applegate, Katherine",2
86,"Appleton, Victor",5
87,"Archer, Mandy",4
88,"Ardagh, Philip",3
89,"Arden, William",3
90,"Ardizzone, Edward",3
91,"Arif, Amrana",2
92,"Arkle, Phyllis",4
93,"Armitage, Ronda",3
94,"Armour-Chelu, Francesca",5
95,"Armstrong, Helen",2
96,"Armstrong, Rollo",5
97,"Arnold, Louise",3
98,"Arnold, Nick",3
99,"Arnold, Sarah",4
100,"Arnosky, Jim",2
101,"Arrou-Vignod, Jean-Philippe",3
102,"Arthur, Robert",5
103,"Asch, Frank",3
104,"Ashley, Bernard",5
105,"Ashton, Charles",5
106,"Asim, Jabari",5
107,"Askew, Amanda",4
108,"Asquith, Ros",2
109,Atak,4
110,Atinuke,4
111,"Atwater, Richard",2
112,"Atwood, Margaret",4
113,"Aubry, Cécile",4
114,"Auerbach, Annie",2
115,"Auxier, Jonathan",4
116,"Avery, Gillian",2
117,"Avery, Tom",5
118,Avi,3
119,"Awdry, Christopher",3
120,"Awdry, W.",3
121,"Axworthy, Ann",4
122,"Ayres, Charlie",2
123,"Ayres, Katherine",2
124,"Ayres, Pam",2
125,"Azoulay, Jaclin",3
126,B B.,2
127,"Babbitt, Natalie",2
128,"Baddaley, Liz",3
129,"Baddiel, David",4
130,"Baggott, Stella",4
131,"Baglio, Ben M.",2
132,"Bagnold, Enid",4
133,"Baguley, Elizabeth",2
134,"Bailey, Carolyn Sherwin",4
135,"Bailey, Ella",3
136,"Baillie, Allan",2
137,"Baker, Jeannie",5
138,"Baker, Keith",5
139,"Baker, Matthew",2
140,"Baker, Olaf",3
141,"Baker, Sarah",4
142,"Baker-Smith, Grahame",2
143,"Baldacci, David",3
144,"Balding, Clare",4
145,"Balkan, Gabrielle",2
146,"Ball, Duncan",4
147,"Balliett, Blue",4
148,"Bancroft, Henrietta",2
149,"Bang, Betsy",2
150,"Bang, Molly",5
151,"Banks, Lynne Reid",3
152,"Banks, Rosie",5
153,"Banks, Tom",5
154,"Banner, Angela",5
155,"Bannerman, Helen",2
156,"Baptiste, Baron",4
157,"Barber, Antonia",3
158,"Barber, Barbara E.",4
159,"Barber, Elke",5
160,"Barber, Helen",5
161,"Barbero, Maria",5
162,"Barbo, Maria S.",4
163,"Barclay, Jane",4
164,"Barkan, Joanne",2
165,"Barker, Cicely Mary",2
166,"Barker, Claire",5
167,"Barklem, Jill",2
168,"Barkow, Henriette",2
169,"Barlow, Steve",2
170,"Barnes, Lesley",3
171,"Barnes-Svarney, Patricia L.",2
172,"Barnett, Mac",4
173,"Barr, Catherine",5
174,"Barrett, Judi",4
175,"Barrett, Mary Brigid",3
176,"Barrie, J. M. (James Matthew)",2
177,"Barrowman, John",4
178,"Barrows, Annie",3
179,"Barry, Dave",5
180,"Barry, Frances",4
181,"Barry, Margaret Stuart",2
182,"Barton, Suzanne",3
183,"Bartram, Simon",2
184,"Bartók, Mira",5
185,"Baruzzi, Agnese",2
186,"Base, Graeme",5
187,"Bass, Guy",2
188,"Bass, Jules",4
189,"Bassett, Jennifer",3
190,"Bates, Angie",2
191,"Bates, Helen",5
192,"Bates, Katharine Lee",2
193,"Batt, Tanya Robyn",2
194,"Battersby, Lee",3
195,"Battut, Éric",2
196,"Bauer, Marion Dane",3
197,"Baugh, Helen",3
198,"Baum, Frank Joslyn",2
199,"Baum, L. Frank (Lyman Frank)",2
200,"Baumgart, Klaus",2
201,"Bawden, Nina",2
202,"Baxendale, Trevor",2
203,"Baxter, Nicola",5
204,"Bayley, Nicola",4
205,"Beacham, Janine",4
206,"Beakman, Onk",2
207,"Beardsley, Martyn",3
208,"Bearn, Emily",2
209,"Beasley, Andrew",5
210,"Beasley, Cassie",2
211,Beastly Boys (Writers' group),2
212,"Beaton, Clare",5
213,"Beaton, Kate",4
214,"Beauvais, Clémentine",2
215,"Beck, Ian",4
216,"Becker, Aaron",5
217,"Bedard, Michael",5
218,"Bedford, David",2
219,"Bee, William",2
220,"Beecroft, Simon",5
221,"Behan, Tara",5
222,"Bell, Alex",3
223,"Bell, Anthea",4
224,"Bell, Cece",3
225,"Bell, Eileen",4
226,"Bell, Jennifer",4
227,"Bell, Mary Hayley",3
228,"Belli, Alfredo",3
229,"Belloc, Hilaire",2
230,"Bemelmans, Ludwig",5
231,"Bemis, John Claude",2
232,"Benedict, Rex",4
233,"Benedictus, David",2
234,"Bengtsson, Ann McDonagh",2
235,"Benjamin, A. H.",2
236,"Benjamin, Ali",4
237,"Benjamin, Floella",3
238,"Benson, Patrick",3
239,"Bentley, Cheryl",3
240,"Bentley, Sue",2
241,"Bently, Peter",5
242,"Benton, Jim",4
243,"Berenstain, Stan",5
244,"Beresford, Elisabeth",4
245,"Berger, Joe",2
246,"Berger, Samantha",2
247,"Berger, Thomas",4
248,"Bergman, Mara",2
249,"Berk, Ari",4
250,"Bernasconi, Pablo",2
251,"Berrisford, Judith M. (Judith Mary)",3
252,"Bersche, Barb",3
253,"Bertagna, Julie",2
254,"Beskow, Elsa",3
255,"Besson, Luc",4
256,"Bestall, Alfred",3
257,"Bianco, Margery Williams",2
258,"Bickford-Smith, Coralie",5
259,"Biddulph, Rob",5
260,"Biegel, Paul",2
261,"Biesty, Stephen",5
262,"Bihrangī, Ṣamad",2
263,"Billington, Rachel",2
264,"Binch, Caroline",4
265,"Bingham, Caroline",5
266,"Bingham, Jane",3
267,"Bingham, Janet",4
268,"Bingham, Kelly L.",2
269,"Birch, Cyril",2
270,"Birchall, Mark",2
271,"Bird, Michael",3
272,"Birdsall, Jeanne",2
273,"Birkett, Georgie",3
274,"Birney, Betty G.",3
275,"Biro, Val",5
276,"Bischoff, David",2
277,"Bishop, Gavin",4
278,"Bishop, Poppy",4
279,"Bishop, Sylvia",2
280,"Blabey, Aaron",4
281,"Black, Holly",5
282,"Black, Peter Jay",3
283,"Black, Sheila (Sheila Fiona)",4
284,"Black, Tabitha",5
285,"Blacker, Terence",4
286,"Blackman, Lesley",4
287,"Blackman, Malorie",4
288,"Blackman, N. S.",3
289,"Blackstone, Stella",5
290,"Blade, Adam",4
291,"Blaisdell, Robert",2
292,"Blake, Ashley Herring",3
293,"Blake, Peter",2
294,"Blake, Quentin",3
295,"Blanco, Richard",4
296,"Bland, Nick",3
297,"Blathwayt, Benedict",3
298,"Blatt, Jane",4
299,"Blauer, Ettagale",2
300,"Bloch, Serge",4
301,"Bloom, Valerie",5
302,"Bluemle, Elizabeth",5
303,"Blume, Judy",5
304,"Blumenthal, Deborah",3
305,"Blundell, Tony",4
306,"Blyton, Enid",2
307,"Bodeen, S. A. (Stephanie A.)",2
308,"Bogart, Jo Ellen",3
309,"Boisrobert, Anouck",5
310,"Bokhari, Raana",4
311,"Boldt, Claudia",2
312,"Bond, Michael",2
313,"Bond, Ruskin",5
314,"Bone, Emily",4
315,"Bonwill, Ann",4
316,"Booth, Anne",3
317,"Booth, Phillip",2
318,"Border, Rosemary",2
319,"Borten, Helen",2
320,"Bos, Burny",4
321,"Bosch, Pseudonymous",4
322,"Boston, L. M. (Lucy Maria)",3
323,"Boswell, Hilda",5
324,"Botman, Loes",5
325,"Bouchard, André",3
326,"Boutet de Monvel, Louis Maurice",2
327,"Bowen, James",2
328,"Bowler, Tim",2
329,"Boyce, Katie",5
330,"Boyd, Lizi",3
331,"Boyne, John",2
332,"Boynton, Sandra",2
333,"Bozzi, Riccardo",3
334,"Bradford, Chris",5
335,"Bradman, Tony",5
336,"Brahmachari, Sita",2
337,"Brake, Colin",4
338,"Brallier, Max",5
339,"Brand, Christianna",4
340,"Brand, Russell",3
341,"Branford, Anna",5
342,"Brassey, Richard",4
343,"Braun, Dieter",4
344,"Braun, Sebastian",5
345,"Braun, Sebastien",5
346,"Breathed, Berke",2
347,"Brennan, Linda Crotta",5
348,"Brent-Dyer, Elinor M. (Elinor Mary)",5
349,"Breslin, Theresa",3
350,"Brett, Jan",4
351,"Bridges, Shirin Yim",3
352,"Bridwell, Norman",5
353,"Briggs, Andy",3
354,"Briggs, Raymond",4
355,"Bright, Paul",3
356,"Bright, Phoebe",5
357,"Bright, Rachel",4
358,"Brightfield, Richard",3
359,"Brink, Carol Ryrie",5
360,"Brinsmead, H. F. (Hesba Fay)",2
361,"Brinsmead-Hungerford, Hesba",3
362,"Brisley, Joyce Lankester",4
363,"Broad, Michael",3
364,"Brocket, Jane",2
365,"Brocklehurst, Ruth",2
366,"Brocoli, Steffie",5
367,"Broderick, Paula",3
368,"Brook, Henry",2
369,"Brooke, Lauren",5
370,"Brooks, Felicity",5
371,"Brooks, Jeremy",4
372,"Broom, Jenny",2
373,"Brown, Alison",2
374,"Brown, Carron",5
375,"Brown, George Mackay",2
376,"Brown, James",3
377,"Brown, Jeff",2
378,"Brown, Judy",2
379,"Brown, Marc Tolon",2
380,"Brown, Margaret Wise",4
381,"Brown, Martin",2
382,"Brown, Monica",2
383,"Brown, Pamela",3
384,"Brown, Peter",2
385,"Brown, Petra",2
386,"Brown, Ruth",5
387,"Brown, Sally, Children's cooking consultant",3
388,"Brown, Toby",2
389,"Browne, Anthony",3
390,"Browne, Eileen",2
391,"Brownlow, Michael",3
392,"Bruce, Dorita Fairlie",4
393,"Bruce, Katherine",3
394,"Bruel, Nick",4
395,"Bruna, Dick",2
396,"Brunhoff, Jean de",3
397,"Brunhoff, Laurent de",4
398,"Brunnström, Åse",3
399,"Brusatte, Stephen",5
400,"Bryant, Ann",5
401,"Buchholz, Quint",5
402,"Buckeridge, Anthony",5
403,"Buckingham, Matt",5
404,"Bugbird, Tim",4
405,"Bull, Angela",2
406,"Bunnell, Isabella",5
407,"Bunting, Eve",2
408,"Bunzl, Peter",5
409,"Burchett, Jan",5
410,"Burchill, Julie",3
411,"Burdett, Lois",2
412,"Burfoot, Ella",2
413,"Burgan, Michael",4
414,"Burgess, Thornton W.",4
415,"Burgess, Thornton W. (Thornton Waldo)",5
416,"Burleigh, Robert",2
417,"Burlingham, Abigail",2
418,"Burnell, Cerrie",5
419,"Burnett, Allan",2
420,"Burnett, Frances Hodgson",4
421,"Burnford, Sheila",2
422,"Burningham, John",3
423,"Burrows, Ailsa",5
424,"Burston, Patrick",4
425,"Burton, Jeffrey",4
426,"Burton, Tim",4
427,"Burton, Virginia Lee",3
428,"Busby, Ailie",2
429,"Busby, Cecilia",4
430,"Bush, John",5
431,"Bussell, Darcey",5
432,"Butchart, Pamela",3
433,"Butcher, A. J.",5
434,"Butcher, Nancy",5
435,"Butler, Dori Hillestad",4
436,"Butler, Heather",3
437,"Butler, John",4
438,"Butler, Philippa",3
439,"Butterworth, Christine",5
440,"Butterworth, Jess",2
441,"Butterworth, Nick",5
442,"Button, Linda",3
443,"Buzan, Tony",3
444,"Buzzati, Dino",2
445,"Byars, Betsy Cromer",2
446,"Byng, Georgia",5
447,"Cabot, Meg",3
448,"Cacciapuoti, Aurora",3
449,"Cain, Sheridan",2
450,"Calcutt, David",3
451,"Caldecott, Elen",2
452,"Caldicott, Chris",3
453,"Caldwell, Patricia K.",3
454,"Caldwell, S. A. (Stella A.)",2
455,"Callaghan, Chris",4
456,"Calland, Chris",2
457,"Calvert, Pam",2
458,"Calì, Davide",3
459,"Cameron, Ann",2
460,"Cameron, Joan",5
461,"Cameron, Julia E. M.",5
462,"Campbell, Fiona",3
463,"Campbell, Jen",4
464,"Campbell, Rod",4
465,"Campbell-Johnston, Rachel",5
466,"Cao, Wenxuan",3
467,"Capucilli, Alyssa Satin",4
468,"Carey, M. V.",5
469,"Carey, Peter",5
470,"Carle, Eric",4
471,"Carlin, Laura",2
472,"Carlson, Nancy",2
473,"Carlstrom, Nancy White",2
474,"Carpenter, Humphrey",3
475,"Carpenter, Richard",5
476,"Carpenter, Stephen",4
477,"Carpenter, Tad",2
478,"Carr, Jan (M. J.)",4
479,"Carrol, Jacqueline",3
480,"Carroll, Emma",5
481,"Carroll, Lewis",5
482,"Carruth, Jane",5
483,"Carter, Angela",2
484,"Carter, David A.",2
485,"Carter, Rachel",4
486,"Cartwright, Reg",5
487,"Casey, Dawn",5
488,"Cassidy, Cathy",3
489,"Cassie, Brian",5
490,"Casteel, Seth",4
491,"Castle, Amber",3
492,"Castle, Caroline",3
493,"Caston, Jane",5
494,"Catchpool, Michael",4
495,"Cattell, Bob",3
496,"Cave, Kathryn",2
497,"Caveney, Philip",4
498,"Cecil, Randy",4
499,"Cerasini, Marc",4
500,"Chambers, Aidan",2
501,"Chambers, Beth",3
502,"Chancellor, Henry",4
503,"Chandler, Murray",4
504,"Chapman, Jane",2
505,"Chapman, Jared",5
506,"Chapman, Linda",4
507,"Chapman, Lynne",2
508,"Charles, Faustin",3
509,"Charlip, Remy",3
510,"Charman, Katrina",2
511,"Chatfield, Keith",4
512,"Chedru, Delphine",3
513,"Cheetham, Ann",5
514,"Cheng, Jack",3
515,"Cherry, Lynne",2
516,"Cheung, Hyechong",4
517,"Chichester Clark, Emma",2
518,"Chichester, Imogen",5
519,"Child, Lauren",4
520,"Childs, Sam",3
521,"Chipperfield, Joseph Eugene",3
522,"Choldenko, Gennifer",5
523,"Christelow, Eileen",2
524,"Christopher, John",3
525,"Christopher, Matt",3
526,"Church, Caroline",3
527,"Churchman, John",2
528,"Chönz, Selina",2
529,"Ciraolo, Simona",2
530,"Civardi, Anne",5
531,"Clanton, Ben",3
532,"Clare, Helen",4
533,"Clare, Horatio",5
534,"Clark, Ann Nolan",3
535,"Clark, Kathy",4
536,"Clark, Kent",2
537,"Clark, Lisabeth",2
538,"Clark, Margaret",2
539,"Clarke, Catriona",2
540,"Clarke, Jane",3
541,"Clarke, Maxine Beneba",5
542,"Clary, Julian",5
543,"Clavel, Bernard",3
544,"Claverie, Jean",5
545,"Claybourne, Anna",2
546,"Clayton, Sally Pomme",2
547,"Cleary, Beverly",2
548,"Clement-Davies, David",5
549,"Clements, Andrew",2
550,"Cleminson, Katie",2
551,"Cleverly, Sophie",3
552,"Clifton-Brown, Holly",3
553,"Climo, Liz",3
554,"Clive, Mary",4
555,"Clover, Peter",4
556,"Clutton-Brock, Juliet",2
557,"Coats, Lucy",4
558,"Coatsworth, Elizabeth Jane",5
559,"Cobb, Rebecca",5
560,Cocoretto,2
561,"Cocoretto, Joint pseudonym",4
562,"Coffelt, Nancy",4
563,"Cohen, Daniel",4
564,"Cohlene, Terri",4
565,"Cohn, Diana",2
566,"Cohn, Scott",2
567,"Cohn, Scott M.",2
568,"Cole, Babette",5
569,"Cole, Joanna",2
570,"Cole, Stephen",4
571,"Cole, Tamasin",3
572,"Coleman, Michael",2
573,"Colfer, Chris",3
574,"Colfer, Eoin",3
575,"Colgan, Jenny",2
576,"Collingridge, Richard",4
577,"Collins, Carolyn Strom",4
578,"Collins, Joan",4
579,"Collins, Ross",2
580,"Collins, Tim",3
581,"Collodi, Carlo",4
582,"Colum, Padraic",5
583,"Constable, Cathryn",5
584,"Constance, Wendy",2
585,"Contraire, Bastien",5
586,"Conway, David",4
587,"Conway, Martin",4
588,"Cooke, Jenny",3
589,"Cooke, Trish",3
590,"Coolidge, Susan",3
591,"Coombs, Patricia",4
592,"Cooper, Catherine (Catherine Helen)",4
593,"Cooper, Gordon",2
594,"Cooper, Helen",5
595,"Cooper, Louise",4
596,"Cooper, Stephanie",4
597,"Cooper, Susan",3
598,"Cope, Andrew",2
599,"Corbett, W. J.",4
600,"Corder, Zizou",4
601,"Cordero, Flor de María",4
602,"Corderoy, Tracey",2
603,"Corlett, William",2
604,"Corr, Christopher",3
605,"Cort, Ben",4
606,"Cosneau, Olivia",4
607,"Cossanteli, Veronica",4
608,"Cossons, Malcolm",5
609,"Cotterill, Jo",2
610,"Cottin, Menena",3
611,"Cotton, Fearne",3
612,"Cotton, Katie",2
613,"Cottrell Boyce, Frank",2
614,"Courtauld, Sarah",2
615,"Courtney, Gwendoline",5
616,"Courtney-Tickle, Jessica",5
617,"Cousins, Lucy",4
618,"Covey, Sean",5
619,"Coville, Bruce",2
620,"Cowell, Cressida",2
621,"Cowley, Joy",4
622,"Cox, David",3
623,"Cox, Emma",2
624,"Cox, Michael",4
625,"Cox, Pamela",4
626,"Cox, Phil Roxbee",5
627,"Crabtree, Sally",4
628,"Craft, Ruth",4
629,"Crane, Walter",4
630,"Creech, Sharon",2
631,"Cresswell, Helen",5
632,"Crew, Gary",2
633,"Crimi, Carolyn",4
634,"Crisp, Dan",4
635,"Crompton, Richmal",5
636,"Cronin, Doreen",3
637,"Crook, Mackenzie",4
638,"Cross, Gillian",4
639,"Crossley-Holland, Kevin",3
640,"Crowther, Robert",2
641,"Cuevas, Michelle",5
642,"Cullop, Jean",2
643,"Cummings, Fiona",2
644,"Currey, Anna",5
645,"Curry, Jane Louise",3
646,"Curtin, Judi",2
647,"Curtis, Carolyn",2
648,"Cussler, Clive",4
649,"Cutbill, Andy",2
650,"Cuvellier, Vincent",3
651,"D'Amico, Joan",3
652,"D'Lacey, Chris",5
653,"DaCosta, Barbara",3
654,"Dadey, Debbie",2
655,"Dahl, Roald",3
656,"Daily, Don",2
657,"Daines, Ellie",5
658,"Dakin, Glenn",5
659,"Dale, Anna",4
660,"Dale, Elizabeth",2
661,"Dale, Jenny",4
662,"Dale, Penny",5
663,"Dalgliesh, Alice",4
664,"Dalton, Annie",2
665,"Daly, Audrey",3
666,"Daly, Ita",2
667,"Daly, Jude",5
668,"Daly, Niki",3
669,"Damm, Antje",4
670,"Daneshvari, Gitty",2
671,"Daniel-Raby, Lucy",4
672,"Daniels, Lucy",2
673,"Dann, Colin",2
674,"Dann, Penny",4
675,"Danziger, Paula",2
676,"Das, Prodeepta",2
677,"Davage, John",2
678,"Davenport, Andrew",2
679,"Davey, Owen",4
680,"David, Juliet",3
681,"Davidson, Helen",2
682,"Davidson, Susanna",2
683,"Davies, Andrew",3
684,"Davies, Benji",4
685,"Davies, Gill",2
686,"Davies, Hunter",2
687,"Davies, Joan M.",5
688,"Davies, Kate",3
689,"Davies, Katie",2
690,"Davies, Nicola",3
691,"Davies, Stephen",3
692,"Davis, Lee",5
693,"Dawnay, Gabby",2
694,"Dawood, N. J.",2
695,"Day Lewis, C. (Cecil)",4
696,"Day, Susie",4
697,"Day, Susie (Susanna Mary)",4
698,"Daykin, Chloe",4
699,"Daynes, Katie",5
700,"Daywalt, Drew",3
701,"De Angeli, Marguerite",2
702,"De Beer, Hans",3
703,"De Fossard, Esta",4
704,"De Goldi, Kate",3
705,"De La Haye, Amy",4
706,"De Paola, Tomie",2
707,"De Souza, Michael",3
708,"De Valera, Sinéad",2
709,"De la Bédoyère, Camilla",4
710,"De la Mare, Walter",4
711,"DePaola, Tomie",2
712,"Deacon, Alexis",2
713,"Deals, Ginny",4
714,"Dean, Kim",4
715,"Deary, Terry",2
716,"Delahaye, Gilbert",5
717,"Dempsey, Kristy",5
718,"Dennis, H. L.",4
719,"Deuchars, Marion",3
720,"Deutsch, Stacia",2
721,"Dewdney, Anna",2
722,"Dhami, Narinder",5
723,"DiCamillo, Kate",3
724,"DiTerlizzi, Tony",4
725,"Dickens, Charles",3
726,"Dickens, Monica",3
727,"Dickins, Rosie",3
728,"Dickinson, John",5
729,"Dickinson, Matt",5
730,"Dickinson, Peter",4
731,"Dickinson, Susan",5
732,"Dickinson, William Croft",4
733,"Dicks, Terrance",5
734,"Dicmas, Courtney",3
735,"Dieckmann, Sandra",3
736,"Diehn, Gwen",3
737,"Dieudonné, Cléa",3
738,"Digby, Anne",2
739,"Dijs, Carla",3
740,"Dillon, James (James E.)",2
741,"Dingle, Adrian",4
742,"Dixon, Andrew",4
743,"Dixon, Franklin W.",2
744,"Dixon, Sarah",2
745,"Dobbins, Jan",5
746,"Docherty, Thomas",3
747,"Dockrill, Laura",4
748,"Dodd, Emma",5
749,"Dodd, Lynley",5
750,"Dodds, Dayle Ann",3
751,"Doerrfeld, Cori",2
752,"Doherty, Berlie",5
753,"Doherty, Gillian",3
754,"Dolan, Elys",2
755,"Dolan, Penny",2
756,"Dolby, Karen",5
757,"Dollin, Laura",4
758,"Don, Lari",4
759,"Donaldson, Julia",5
760,"Donbavand, Tommy",2
761,"Doney, Meryl",3
762,"Donnio, Sylviane",2
763,"Donoghue, Emma",3
764,"Donovan, Gail",4
765,"Donovan, Kim",3
766,"Dorfman, Ariel",5
767,"Dougherty, John",2
768,"Dowd, Siobhan",4
769,"Dowson, Nick",4
770,"Dowswell, Paul",3
771,"Doyle, Malachy",5
772,"Doyle, Roddy",3
773,"Dragonwagon, Crescent",3
774,"Dragt, Tonke",4
775,"Drake, Ernest",5
776,"Drescher, Daniela",3
777,"Drinkwater, Carol",2
778,"Driver, Sarah",4
779,"Druon, Maurice",4
780,"Druvert, Hélène",3
781,"DuBurke, Randy",4
782,"Dubosarsky, Ursula",4
783,"Dubowski, Cathy East",5
784,"Dubowski, Mark",5
785,"Duddle, Jonny",2
786,"Duder, Tessa",2
787,"Duffy, Carol Ann",3
788,"Duggan, Helena",3
789,"Dunbar, Fiona",2
790,"Dunbar, Joyce",4
791,"Dunbar, Polly",4
792,"Dunmore, Helen",5
793,"Dunn, James",3
794,"Durant, Alan",2
795,"Durrant, S. E.",5
796,"Duvoisin, Roger",3
797,"Dyckman, Ame",3
798,"Dyer, Heather",4
799,"Dyer, Sarah",4
800,"Dyer, Wayne W.",4
801,"Eager, Edward",2
802,"Earle, Phil",3
803,"Eastham, Ruth",5
804,"Echeverri, Catalina",5
805,"Eco, Umberto",4
806,"Edge, Christopher",5
807,"Edwards, Dorothy",2
808,"Edwards, Garth",5
809,"Edwards, Hazel",4
810,"Edwards, Julie",5
811,"Edwards, Monica",4
812,"Edwards, Nicholas",3
813,"Edwards, Richard",2
814,"Eglington, Tom",4
815,"Ehlert, Lois",4
816,"Eilenberg, Max",4
817,"Elder, Jennifer",5
818,"Eldridge, Jim",3
819,"Elliot, Rachel",5
820,"Elliott, David",5
821,"Elliott, Patricia",5
822,"Elliott, Rebecca",3
823,"Ellis, Mary",2
824,"Elphinstone, Abi",4
825,"Elson, Jane",2
826,"Elwes, Liz",2
827,"Ely, Lesley",5
828,Elzbieta,4
829,"Emmett, Jonathan",2
830,"Empson, Jo",5
831,"Ende, Michael",3
832,"England, Victoria",2
833,"Enquist, Per Olov",5
834,"Enright, Dominique",2
835,"Enright, Elizabeth",2
836,"Enthoven, Sam",4
837,"Entin, Carli",4
838,"Enzensberger, Hans Magnus",4
839,"Epstein, Adam Jay",4
840,"Erickson, Jon",4
841,"Erickson, Russell E.",4
842,"Ering, Timothy B.",3
843,"Esberger, Trudi",3
844,"Escott, John",2
845,"Estoril, Jean",5
846,"Etherington, Robin",4
847,"Ets, Marie Hall",5
848,"Eulberg, Elizabeth",5
849,"Evans, Betty (Betty S.)",5
850,"Evans, C. S. (Charles Seddon)",4
851,"Evans, Cheryl",5
852,"Evans, Jane",3
853,"Evans, Lissa",3
854,"Evans, Maz",2
855,"Everest, D. D.",4
856,"Everhart, Emerald",3
857,"Evetts-Secker, Josephine",2
858,"Exon, M. J.",5
859,"Faber, Polly",2
860,"Fahey, Mary-Anne",4
861,"Fair, Jeff",2
862,"Fajerman, Deborah",4
863,"Falconer, Ian",4
864,"Falkner, Brian",2
865,"Fan, Terry",4
866,"Fancher, Lou",2
867,"Fanelli, Sara",3
868,"Fanning, Kieran",4
869,"Faraday, Joyce",3
870,"Fardell, John",4
871,"Farinas, Ulises",4
872,"Farjeon, Eleanor",4
873,"Farley, Walter",4
874,"Farman, John",2
875,"Farmer, Penelope",3
876,"Farquharson, Polly",4
877,"Farrant, Natasha",2
878,"Farthing, Alison",4
879,"Fatchen, Max",5
880,"Fatus, Sophie",5
881,"Favilli, Elena",2
882,"Fayers, Claire",2
883,"Fearnley, Jan",3
884,"Federle, Tim",5
885,"Feiffer, Kate",2
886,"Feldman, Thea",3
887,"Fennell, Emerald",4
888,"Ferguson, Brad",5
889,"Ferguson, Ruby",4
890,"Ferguson, Sinclair B.",4
891,"Ferris, Julie",4
892,"Fidler, Kathleen",5
893,"Filipina, Monika",4
894,Fin (Finley Fagin),5
895,"Finch, Mary",2
896,"Fine, Anne",5
897,"Finlay, Lizzie",2
898,"Finn, Isobel",5
899,"Fischel, Emma",2
900,"Fischer, Jérémie",5
901,"Fisher, Henry",2
902,"Fisher, Isla",2
903,"Fisher, Jayne",3
904,"Fisher, Justin",5
905,"Fisk, Nicholas",5
906,"Fisk, Pauline",5
907,"Fitzgerald, Ruth",2
908,"Fitzhugh, Louise",5
909,"Fitzpatrick, Adrianne",2
910,"Fitzpatrick, Marie-Louise",4
911,"Fitzsimmons, Jim",3
912,"Fix, Philippe",3
913,"Fleischman, Paul",2
914,"Fleischman, Sid",2
915,"Fleming, Ian",5
916,"Fletcher, Alan",2
917,"Fletcher, Tom",5
918,"Floca, Brian",5
919,"Flynn, Tatum",3
920,"Foges, Clare",2
921,"Foley, Louise Munro",5
922,"Fombelle, Timothée de",2
923,"Forbes, Sarah",2
924,"Ford, Bernette G.",2
925,"Ford, Martyn",5
926,"Forde, Catherine",3
927,"Forde, Patricia",4
928,"Foreman, Michael",3
929,"Forest, Antonia",5
930,"Forrestal, Elaine",3
931,"Forrester, Margaret R.",4
932,"Forrester, Sandra",5
933,"Forssén Ehrlin, Carl-Johan",4
934,"Foster, Stewart",5
935,Fougasse,2
936,"Fowler, Thurley",4
937,"Fox, Deborah",3
938,"Fox, Diane",5
939,"Fox, Mem",5
940,"Foxlee, Karen",4
941,"Foxley, Janet",2
942,"Foxx, A. J. (Anji J.)",3
943,"Frade, B. A.",5
944,"France, Melissa Dorfman",4
945,"Francis, Frances D.",2
946,"Francis, Pauline",5
947,"Franzén, Nils Olof",3
948,"Frazee, Steve",5
949,"Frazier, Sundee Tucker",2
950,"Frederick, Heather Vogel",4
951,"Freedman, Claire",3
952,"Freeman, Dan",3
953,"Freeman, Don",2
954,"Freeman, Pamela",3
955,"Freeman, Tor",3
956,"Fremont, Eleanor",4
957,"French, Fiona",5
958,"French, Jackie",5
959,"French, Vivian",4
960,"Frender, Sam",3
961,"Freud, Clement",2
962,"Frey, Charles",4
963,"Friedman, Laurie B.",2
964,"Frith, Alex",4
965,"Frost, Adam",4
966,"Froud, Wendy",5
967,"Fry, Michael",5
968,"Fuge, Charles",2
969,"Fuller, Rachel",4
970,"Fulton, Julie",5
971,"Funke, Cornelia Caroline",4
972,"Furchgott, Terry",2
973,"Furlong, C. T. (Carol T.)",3
974,"Fussell, Sandy",4
975,"Gaarder, Jostein",2
976,"Gaiman, Neil",5
977,"Gakuya, Edward",2
978,"Gale, Emily",4
979,"Gall, Chris",3
980,"Gallagher, Diana G.",5
981,"Gallico, Paul",3
982,"Gandhi, Arun",3
983,"Gandolfi, Silvana",2
984,"Ganeri, Anita",3
985,"Gantos, Jack",2
986,"Gantschev, Ivan",3
987,"Gardiner, Alison",2
988,"Gardner, Louise",3
989,"Gardner, Lyn",3
990,"Gardner, Sally",4
991,"Garfield, Leon",4
992,"Garland, Sarah",2
993,"Garlick, Nicholas",3
994,"Garner, Alan",3
995,"Garnett, Eve",3
996,"Garson, Sarah",3
997,"Gates, Doris",4
998,"Gates, Phil",2
999,"Gates, Susan",5
1000,"Gavalda, Anna",5
1001,"Gavin, Jamila",2
1002,"Gayton, Sam",5
1003,"Gee, Maurice",4
1004,"Gemin, G. R.",4
1005,"Gemin, G. R. (Giancarlo R.)",3
1006,"George, Jessica Day",3
1007,"George, Lucy M.",5
1008,"Geraghty, Paul",2
1009,"Geras, Adèle",2
1010,"Gerez, Tony de",5
1011,"German, Caroline",5
1012,"Gershator, Phillis",3
1013,"Gerstein, Mordicai",4
1014,"Gervais, Ricky",4
1015,"Geyer, Kim",4
1016,"Gianetti, Michele",2
1017,"Gibb, Sarah",2
1018,"Gibbons, Alan",2
1019,"Gibbons, Gail",4
1020,"Gibbs, Edward",3
1021,"Gibson, Michael",4
1022,"Gidwitz, Adam",4
1023,"Gifford, Clive",5
1024,"Gifford, Griselda",3
1025,"Gilani-Williams, Fawzia",4
1026,"Gilbert, Kevin",2
1027,"Gill, Roy",5
1028,"Gillingham, Sara",4
1029,"Gilman, David",5
1030,"Gino, Alex",3
1031,"Ginsburg, Mirra",2
1032,"Gitenstein, Judy",5
1033,"Gleitzman, Morris",2
1034,"Gliori, Debi",2
1035,"Goble, Paul",3
1036,"Goddard, Clive",2
1037,"Goddard, Neil",4
1038,"Godden, Rumer",5
1039,"Goldsaito, Katrina",3
1040,"Goldsmith, Mike",3
1041,"Goldsmith, Mike, dr",4
1042,"Gomi, Tarō",3
1043,"Gomm, Phil",3
1044,"Goodall, Jane",3
1045,"Goodall, John S.",3
1046,"Goode, Diane",3
1047,"Goodhart, Pippa",3
1048,"Goodings, Christina",3
1049,"Goodman, Deborah Lerme",3
1050,"Goodman, Julius",3
1051,"Goodrich, Carter",2
1052,"Goodwin, Harriet",5
1053,"Gorbachev, Valeri",2
1054,"Gordon, Domenica More",2
1055,"Gordon, John",2
1056,"Gorman, Carol",3
1057,"Gormley, Greg",2
1058,Goscinny,4
1059,"Goudge, Elizabeth",2
1060,"Gough, Julian",2
1061,"Gouldthorpe, Peter",4
1062,"Gourlay, Candy",2
1063,"Gowing, Emma",4
1064,"Grabenstein, Chris",5
1065,"Grace, Jaylen",3
1066,"Grace, N. B.",3
1067,"Graham, Bob",4
1068,"Graham, Oakley",2
1069,"Grahame, Kenneth",3
1070,"Granström, Brita",5
1071,"Grant, Gwen",5
1072,"Grant, Joan",5
1073,"Grant, John",2
1074,"Grant, Nicola",3
1075,"Grant, Sara",4
1076,"Graver, Fred",5
1077,"Gravett, Emily",3
1078,"Gray, Jennifer",2
1079,"Gray, Kes",2
1080,"Gray, Nicholas Stuart",3
1081,"Green, Dan",3
1082,"Green, Jen",3
1083,"Green, Katie May",4
1084,"Green, Roger Lancelyn",3
1085,"Green, Ruth",3
1086,"Greenaway, Kate",2
1087,"Greenberg, David (David T.)",4
1088,"Greenberg, Keith Elliot",5
1089,"Greenberg, Polly",2
1090,"Greene, Kimberly",2
1091,"Greenwald, Sheila",2
1092,"Greenwood, Marie",2
1093,"Gregg, Stacy",5
1094,"Gregorowski, Christopher",5
1095,"Gregory, Julian R.",2
1096,"Gregory, Lorraine",3
1097,"Grenfell, Gus",2
1098,"Gresham, Xanthe",2
1099,"Gretz, Susanna",3
1100,"Grey, Andrew",5
1101,"Grey, Mini",4
1102,"Griffin, Rachel",3
1103,"Griffiths, Andy",4
1104,"Grill, William",5
1105,"Grimes, Nikki",3
1106,"Grimm, Jacob",4
1107,"Grimstone, David",2
1108,"Grindley, Sally",5
1109,"Griswold, Jerry",3
1110,"Grobler, Piet",2
1111,"Grogan, John",4
1112,"Grooms, Molly",4
1113,"Groves, Julia",4
1114,"Gruelle, Johnny",2
1115,"Grundy, Peter",2
1116,"Grylls, Bear",5
1117,"Grässe, Wolfgang",2
1118,"Grée, Alain",5
1119,"Gubar, Marah",2
1120,"Guerrive, Sophie",5
1121,"Guignard, Théo",2
1122,"Guile, Andrew",5
1123,"Guillain, Adam",3
1124,"Guillain, Charlotte",5
1125,"Guillot, René",5
1126,"Gurney, James",5
1127,"Guroian, Vigen",2
1128,"Gutman, Anne",2
1129,"Gutwein, Lisa",5
1130,"Guy, John",5
1131,"Guéry, Anne",4
1132,Géhin Élisa,4
1133,"Hacke, Axel",5
1134,"Haddow, Swapna",3
1135,"Hadfield, Chris",4
1136,"Hague, Kathleen",4
1137,"Haig, Matt",5
1138,"Halam, Ann",3
1139,"Haldane, J. B. S. (John Burdon Sanderson)",2
1140,"Hale, Kathleen",4
1141,"Hale, Rachael",4
1142,"Hale, Shannon",4
1143,"Hall, Algy Craig",3
1144,"Hall, Amanda",4
1145,"Hall, Donald",2
1146,"Hall, Fergus",3
1147,"Hall, Willis",3
1148,"Halliwell, Geri",2
1149,"Hamilton, James M.",2
1150,"Hamilton, Rachel",5
1151,"Hamilton, Richard",3
1152,"Hamley, Dennis",3
1153,"Hample, Stuart E.",4
1154,"Handford, Martin",4
1155,"Hannigan, Katherine",5
1156,"Haptie, Charlotte",3
1157,"Hardy, Edward",2
1158,"Hargrave, Kiran Millwood",2
1159,"Hargreaves, Adam",2
1160,"Hargreaves, Roger",5
1161,"Harker, Jillian",2
1162,"Harker, Lesley",3
1163,"Harnett, Cynthia",3
1164,"Harnett, Katie",4
1165,"Harper, Candy",5
1166,"Harper, Jamie",5
1167,"Harper, Penelope",4
1168,"Harper, Piers",3
1169,"Harris, Jim",3
1170,"Harris, Monica A.",5
1171,"Harris, Peter",5
1172,"Harris, Robie H.",2
1173,"Harris, Rosemary",4
1174,"Harrison, Michael",3
1175,"Harrison, Michelle",5
1176,"Harrison, Paul",4
1177,"Harrison, Paula",3
1178,"Harrison, Zac",4
1179,"Harrold, A. F.",3
1180,"Hart, Caryl",3
1181,"Hart, Mrs (Elizabeth Anna)",3
1182,"Harter, Debbie",3
1183,"Hartley, Steve",2
1184,"Hartman, Bob",3
1185,"Hartnett, Sonya",2
1186,"Harvey, Gill",5
1187,"Harvey, Jacqueline",2
1188,"Hastings, Selina",3
1189,"Hately, David",3
1190,"Hathorn, Elizabeth",4
1191,"Hatkoff, Craig",3
1192,"Hatrick, Gloria",5
1193,"Hattie, Ellie",2
1194,"Haughton, Chris",4
1195,"Hausman, Gerald",4
1196,"Hawcock, Claire",2
1197,"Hawken, E. (Eleanor)",2
1198,"Hawkes, Ben",4
1199,"Hawking, Lucy",4
1200,"Hawkins, Colin",2
1201,"Hawthorne, Nathaniel",3
1202,"Hay, Sam",3
1203,"Hayes, Rosemary",5
1204,"Hayes, Sarah",5
1205,"Hayles, Brian",3
1206,"Haynes, Natalie",3
1207,"Hazard, Paul",4
1208,"Head, Mat",2
1209,"Healey, Tim",4
1210,"Heap, Sue",3
1211,"Heapy, Teresa",4
1212,"Hearn, Sam",3
1213,"Hedderwick, Mairi",5
1214,"Heddle, Rebecca",5
1215,"Hegarty, Shane",3
1216,"Hegley, John",3
1217,"Heide, Florence Parry",5
1218,"Heine, Theresa",5
1219,"Helfer, Andrew",2
1220,"Helget, Nicole Lea",4
1221,"Helmore, Jim",2
1222,"Henderson, Kathy",2
1223,"Hendra, Sue",3
1224,"Hendry, Diana",3
1225,"Heneghan, Judith",4
1226,"Hennessey, B. G.",5
1227,"Hennessy, B. G. (Barbara G.)",3
1228,"Hepker, Sue",3
1229,"Herman, Gail",4
1230,"Hermes, Patricia",3
1231,"Herriot, James",2
1232,"Hest, Amy",4
1233,"Heywood, Rosie",3
1234,"Hiaasen, Carl",4
1235,"Hibbins, Greg",2
1236,"Hichtum, N. van",2
1237,"Hicks, Barbara Jean",4
1238,"Hicks, Esther",3
1239,"Hicks, Penelope",3
1240,"Higgins, Chris",3
1241,"Higgs, Liz Curtis",5
1242,"Hilb, Nora",4
1243,"Hildick, E. W. (Edmund Wallace)",3
1244,"Hill, Chris (Chris Ann)",3
1245,"Hill, Christopher William",5
1246,"Hill, Eric",5
1247,"Hill, Harry",3
1248,"Hill, Lorna",5
1249,"Hill, Susan",5
1250,"Hillman, Priscilla",2
1251,"Hills, Tad",5
1252,"Hindley, Judy",2
1253,"Hinton, Nigel",5
1254,"Hirsch, Jeff",4
1255,"Hirsch, Odo",5
1256,"Hirst, Daisy",5
1257,"Hissey, Jane",4
1258,"Hitchcock, Fleur",4
1259,"Ho, Minfong",3
1260,"Ho-Yen, Polly",2
1261,"Hoban, Russell",2
1262,"Hobbie, Holly",5
1263,"Hobbie, Nathaniel",3
1264,"Hoberman, Mary Ann",4
1265,"Hodge, Susie",3
1266,"Hodges, Margaret",4
1267,"Hodgkinson, Leigh",3
1268,"Hoena, B. A.",5
1269,"Hoffman, Mary",3
1270,"Hoffman, Nina Kiriki",5
1271,"Hoffmann, E. T. A. (Ernst Theodor Amadeus)",5
1272,"Hoffmann, Heinrich",3
1273,"Hofmann-Maniyar, Ariane",5
1274,"Hofmeyr, Dianne",4
1275,"Hogarth, Grace Allen",4
1276,"Holabird, Katharine",4
1277,"Holder, Mig",4
1278,"Holiday, Jane",5
1279,"Holl, Adelaide",5
1280,"Holleyman, Sonia",2
1281,"Hollyer, Belinda",4
1282,"Holomis, Lauri",3
1283,"Holzwarth, Werner",5
1284,"Hood, Morag",4
1285,"Hooke, Nina Warner",5
1286,"Hooper, Mary",3
1287,"Hooper, Meredith",2
1288,"Hoopmann, Kathy",5
1289,"Hoover, H. M.",4
1290,"Hopgood, Sally",3
1291,"Hopkins, Cathy",4
1292,"Hornby, Gill",5
1293,"Horne, Jackie C.",3
1294,"Horowitz, Anthony",5
1295,"Horse, Harry",2
1296,"Horvath, Polly",2
1297,"Horáček, P. (Petr)",4
1298,"Horáček, Petr",5
1299,"Houghton, John",4
1300,"House, Catherine",5
1301,"Howard, Martin (Martin J.)",5
1302,"Howarth, Heidi",3
1303,"Howarth, Naomi",5
1304,"Howat, Irene",2
1305,"Howe, James",5
1306,"Howling, Adam",3
1307,"Hoyle, Alice",3
1308,"Hsyu, J. C.",2
1309,"Hubbell, Patricia",3
1310,"Huddy, Delia",3
1311,"Hudson, Cheryl Willis",3
1312,"Hudson, Ella",5
1313,"Hudson, Katy",4
1314,"Hughes, Emily (Emily M.)",2
1315,"Hughes, Emma",2
1316,"Hughes, Gregory",2
1317,"Hughes, Jack",3
1318,"Hughes, Jenny",4
1319,"Hughes, Laura",5
1320,"Hughes, Monica",4
1321,"Hughes, Shirley",3
1322,"Hughes, Ted",2
1323,"Hughes, Thomas",4
1324,"Hulke, Malcolm",2
1325,"Humphrey, Kris",3
1326,"Humphreys, Alastair",3
1327,"Hunt, Elizabeth Singer",3
1328,"Hunt, Roderick",5
1329,"Hunter, Erin",4
1330,"Hunter, Mollie",4
1331,"Hunter, Norman",2
1332,"Hunter, Robert (Robert Frank)",2
1333,"Hunter, Sally",2
1334,"Hurd, Thacher",4
1335,"Hurwitz, Johanna",2
1336,"Husband, Amy",3
1337,"Hutchins, Pat",3
1338,"Hutchison, Barry",4
1339,"Hyde, Catherine",3
1340,"Hyman, Trina Schart",3
1341,"Höjer, Dan",5
1342,"Ibbotson, Eva",2
1343,"Ibbotson, Toby",2
1344,"Ichikawa, Satomi",5
1345,"Ikeda, Daisaku",2
1346,"Impey, Rose",3
1347,"Ingman, Bruce",5
1348,"Inkpen, Chloë",5
1349,"Inkpen, Mick",5
1350,"Innocenti, Roberto",2
1351,"Inui, Tomiko",5
1352,"Ipcar, Dahlov Zorach",4
1353,"Ironside, Virginia",4
1354,"Irvine, Alexander",3
1355,"Irving, Ellie",5
1356,"Irving, John",3
1357,"Irving, Washington",3
1358,"Isdahl, Nansubuga Nagadya",4
1359,"Ismail, Yasmeen",4
1360,"Isserlis, Steven",3
1361,"Jackson, Morgan, Ph. D.",4
1362,"Jackson, Shelley",5
1363,"Jacobs, Joseph",5
1364,"Jaffe, Nina",2
1365,"Jaffrey, Madhur",4
1366,"Jakobsen, Kathy",4
1367,"James, Greg, Radio personality",4
1368,"James, Laura",4
1369,"James, Simon",5
1370,"Janisch, Heinz",3
1371,Janosch,3
1372,"Janovitz, Marilyn",5
1373,"Jansson, Tove",2
1374,"Jaques, Faith",5
1375,"Jarman, Julia",5
1376,"Jarrett, Clare",3
1377,"Jarvis, Robin",3
1378,"Jay, Alison",2
1379,"Jefferies, Cindy",3
1380,"Jefferies, Richard",4
1381,"Jeffers, Oliver",3
1382,"Jendresen, Erik",4
1383,"Jenkins, Martin",3
1384,"Jennings, Linda M.",2
1385,"Jennings, Paul",4
1386,"Jeram, Anita",4
1387,Jimi,5
1388,"Johanson, Carl",3
1389,"Johns, W. E. (William Earl)",4
1390,"Johnson, Crockett",5
1391,"Johnson, Jennifer L.",4
1392,"Johnson, Mitch",3
1393,"Johnson, Pete",4
1394,"Johnson, Richard",2
1395,"Johnson, Sally Patrick",5
1396,"Johnstone, Matthew",4
1397,"Jolivet, Joëlle",2
1398,"Jones, Allan Frewin",5
1399,"Jones, Ayesha",2
1400,"Jones, Diana Wynne",4
1401,"Jones, Gareth P.",3
1402,"Jones, Janey",3
1403,"Jones, Lis",3
1404,"Jones, Lloyd",3
1405,"Jones, Mal Lewis",3
1406,"Jones, Pip",3
1407,"Jones, Rob Lloyd",2
1408,"Jones, Terry",5
1409,"Jones, Ursula",4
1410,"Joosse, Barbara M.",4
1411,"Josephus Jitta, Ceseli",4
1412,"Joslin, Mary",3
1413,"Joyce, Graham",5
1414,"Joyce, Melanie",3
1415,"Joyce, William",5
1416,"Judd, Frances K.",5
1417,"Judge, Chris",3
1418,"Julian, Russell",5
1419,"Jullien, Jean",4
1420,"Jungman, Ann",4
1421,"Juster, Norton",4
1422,"Kadohata, Cynthia",3
1423,"Kahiu, Wanuri",5
1424,"Kaiser, Lisbeth",4
1425,"Kamigaki, Hiro",5
1426,"Kane, Kim",4
1427,"Kang, Anna",3
1428,"Kann, Victoria",3
1429,"Kantor, Laura",3
1430,"Karmel, Annabel",3
1431,"Katie, Byron",4
1432,"Katschke, Judy",4
1433,"Kavanagh, Peter",5
1434,"Kavanagh, Tasha",4
1435,"Kay, Jackie",5
1436,"Kaye, Geraldine",3
1437,"Kaye, M. M. (Mary Margaret)",5
1438,"Keane, Jerome",2
1439,"Keats, Ezra Jack",3
1440,"Keeley, Rob",2
1441,"Keene, Carolyn",4
1442,"Keeping, Charles",4
1443,"Kehoe, Tim",4
1444,"Keilty, Derek",4
1445,"Keith, Lois",2
1446,"Kelleher, Damian",3
1447,"Kelleher, Victor",3
1448,"Kellingley, Krystina",4
1449,"Kelly, Fiona",2
1450,"Kelly, John",3
1451,"Kelly, Mij",5
1452,"Kelly, Tom",4
1453,"Kemp, Anna",2
1454,"Kemp, Gene",4
1455,"Kemp, Jane",3
1456,"Kemp, Matt",2
1457,"Kendall, Carol",3
1458,"Kennedy, A. L.",3
1459,"Kennedy, Emma",3
1460,"Kennen, Ally",4
1461,"Kenny, Kathryn",2
1462,"Kent, Deborah",2
1463,"Kent, Gabrielle",3
1464,"Keret, Etgar",5
1465,"Kerley, Barbara",2
1466,"Kermani, Faiz",2
1467,"Kerr, Esme",4
1468,"Kerr, Jane",3
1469,"Kerr, Judith",3
1470,"Kerr, Philip",3
1471,"Kerven, Rosalind",3
1472,"Kessler, Liz",3
1473,"Khalsa, Shakta Kaur",2
1474,"Khan, Michelle",4
1475,"Kiely, Orla",4
1476,"Killeen, Jarlath",4
1477,"Killick, Jennifer",5
1478,"Kilpatrick, Cathy",4
1479,"Kilworth, Garry",2
1480,"Kimmel, Elizabeth Cody",5
1481,"Kimmel, Eric",5
1482,"Kimmelman, Leslie",4
1483,"Kimpton, Archie",4
1484,"Kimpton, Diana",2
1485,"Kincaid, Lucy",2
1486,"King, Clive",2
1487,"King, Daren",3
1488,"King, Donna",2
1489,"King, Sarah",5
1490,"King-Chai, Sharon",5
1491,"King-Smith, Dick",2
1492,"Kingfisher, Rupert",2
1493,"Kingsley, Charles",3
1494,"Kinney, Jeff",4
1495,"Kipling, Rudyard",3
1496,"Kirstein, Lincoln",2
1497,"Kit, Katy",5
1498,"Kitamura, Satoshi",4
1499,"Kladstrup, Kristin",3
1500,"Klassen, J.",3
1501,"Klassen, Jon",5
1502,"Klein, Robin",4
1503,"Knapman, Timothy",2
1504,"Knowles, Laura",3
1505,"Knudsen, Michelle",4
1506,"Knudsen, Per Holm",5
1507,"Koborg Brøsen, Sofie",3
1508,"Kohara, Kazuno",5
1509,"Koide, Tan",3
1510,"Kokkola, Lydia",3
1511,"Koltz, Tony",2
1512,"Komiya, Teruyuki",4
1513,"Konigsburg, E. L.",4
1514,"Konwicki, Tadeusz",5
1515,"Kooser, Ted",5
1516,"Korman, Gordon",3
1517,"Kotzwinkle, William",5
1518,"Krailing, Tessa",4
1519,"Krensky, Stephen",5
1520,"Kressley, Carson",2
1521,"Kroll, Virginia L.",2
1522,"Krosoczka, Jarrett",5
1523,"Krulik, Nancy E.",4
1524,"Kubler, Annie",4
1525,"Kuenzler, Lou",2
1526,"Kuijer, Guus",3
1527,"Kuipers, Alice",5
1528,"Kunnas, Mauri",2
1529,"Kurth, Heinz",4
1530,"Kurtz, Jane",2
1531,"Kushner, Ellen",4
1532,"Kushner, Tony",3
1533,"Kvasnosky, Laura McGee",4
1534,"Kästner, Erich",5
1535,"La Fontaine, Jean de",4
1536,"LaFleur, Suzanne M.",2
1537,"Lacey, Josh",5
1538,"Lacome, Julie",4
1539,"Ladd, Frances Ann",3
1540,"Lagerlöf, Selma",4
1541,"Laird, Elizabeth",5
1542,"Lake, Angie",3
1543,"Lake, Ken",4
1544,"Lamb, Charles",5
1545,"Lamb, Kathryn",2
1546,"Lamb, Nancy",3
1547,"Landa, Norbert",2
1548,"Landman, Tanya",3
1549,"Landström, Olof",4
1550,"Lane, Kathleen",5
1551,"Lane, Penny Ann",4
1552,"Langham, Tony",5
1553,"Langley, Noel",5
1554,"Langley, Paul",5
1555,"Lardner, Kym",5
1556,"Larry, H. I.",3
1557,"Larwood, Kieran",2
1558,"Lashbrook, Marilyn",5
1559,"Lasky, Kathryn",4
1560,"Latimer, Alex",2
1561,"Latimer, Miriam",3
1562,"Lauren, Ruth",2
1563,"Laux, Constance",3
1564,"Lavelle, Sheila",3
1565,"Lavis, Steve",3
1566,"Lavoie, Mathieu",3
1567,"Law, Daisy",2
1568,"Lawhead, Stephen R.",5
1569,"Lawrence, Ann",4
1570,"Lawrence, Caroline",5
1571,"Lawrence, Michael",3
1572,"Lawson, JonArno",4
1573,"Lawson, Robert",2
1574,"Layton, George",3
1575,"Layton, Neal",3
1576,"Le Bec, Yann",4
1577,"Le Tord, Bijou",4
1578,"LeSieg, Theo",4
1579,"Leaf, Munro",4
1580,"Lean, Sarah",2
1581,"Lear, Edward",5
1582,"Lechner, John",3
1583,"Lee, Ingrid",4
1584,"Lee, Julia",5
1585,"Leeson, Christine",2
1586,"Leeson, Robert",3
1587,"Leigh, Susannah",3
1588,"Leighton-Porter, Wendy",4
1589,"Leitch, Patricia",4
1590,"Leman, Martin",3
1591,"Lemke, Donald B.",2
1592,"Lennon, Joan",4
1593,"Lennon, John",4
1594,"Lenton, Steven",2
1595,"Leokum, Arkady",4
1596,"Leonard, Elmore",2
1597,"Leonard, M. G. (Maya Gabrielle)",2
1598,"Leonard, Marcia",4
1599,"Leprince de Beaumont, Jeanne-Marie",5
1600,"Lerangis, Peter",5
1601,"Leray, Marjolaine",3
1602,"Lester, Alison",3
1603,"Lester, Cas",2
1604,"Lethbridge, Lucy",4
1605,"Levey, Emma",5
1606,"Levine, Edna S. (Edna Simon)",2
1607,"Lewesdon, John",5
1608,"Lewis, Anthony",2
1609,"Lewis, Brandt",5
1610,"Lewis, C. S. (Clive Staples)",4
1611,"Lewis, Emma",5
1612,"Lewis, Gill",4
1613,"Lewis, Kim",5
1614,"Lewis, Naomi",4
1615,"Lia, Simone",4
1616,"Lichtenheld, Tom",5
1617,"Lickens, Alice",4
1618,"Light, Steve",3
1619,"Lightfoot, Kiri",3
1620,"Lilley, Francesca",4
1621,"Lillington, Joe",4
1622,"Lillington, Kenneth",5
1623,"Lilly, Evangeline",4
1624,"Limbu, Sowechhya",3
1625,"Lin, Grace",5
1626,"Linde, Gunnel",5
1627,"Lindenbaum, Pija",5
1628,"Lindgren, Astrid",2
1629,"Lindgren, Barbro",3
1630,"Lindsay, Elizabeth",2
1631,"Lindsay, Norman",4
1632,"Line, David",2
1633,"Lingard, Joan",3
1634,"Linklater, Eric",5
1635,"Litchfield, David",2
1636,"Litchfield, Jo",5
1637,"Litten, Kristyna",5
1638,"Little, Jean",3
1639,"Little, Penny",3
1640,"Littledale, Richard",5
1641,"Littleson, Lindsay",5
1642,"Littlewood, Karin",5
1643,"Littlewood, Kathryn",5
1644,"Litwin, Eric",3
1645,"Lively, Penelope",3
1646,"Livingston, Irene",4
1647,"Llenas, Anna",3
1648,"Llewellyn, Claire",3
1649,"Llewellyn, Sam",4
1650,"Lloyd, Marjorie",2
1651,"Lloyd, Sam",5
1652,"Lloyd-Jones, Sally",3
1653,"Lobel, Adrianne",4
1654,"Lobel, Gillian",5
1655,"Locke, Elsie",2
1656,"Loeff, A. Rutgers van der (Anna Rutgers van der)",4
1657,"Loewen, Nancy",5
1658,"Lofting, Hugh",5
1659,"Logelin, Matthew",4
1660,"London, C. Alexander",2
1661,"London, Jack",4
1662,"London, Jonathan",4
1663,"Long, David",3
1664,"Long, Ethan",5
1665,"Long, Matty",3
1666,"Longstaff, Abie",3
1667,"Longtail, Caterina",5
1668,"Loon, Paul van",2
1669,"Loser, Barry",2
1670,"Love, Robert A.",3
1671,"Loveridge, Steven",2
1672,"Lowe, Dave",2
1673,"Lowery, Mark",5
1674,"Lowes, Sarah",2
1675,"Lowry, Lois",2
1676,"Lucado, Max",2
1677,"Lucas, David",2
1678,"Luciano, Brigitte",5
1679,"Lum, Kate",4
1680,"Lumley, Jemima",2
1681,"Lunn, Janet",2
1682,"Lupton, Hugh",4
1683,"Lurie, Alison",4
1684,"Luzzati, Emanuele",3
1685,"Lyon, Elinor",2
1686,"Lyon, Rachel",3
1687,"Lyons, Heather",2
1688,"López, Diana",2
1689,"Mabbitt, Will",2
1690,"Mabie, Hamilton Wright",3
1691,"MacBride, Roger Lea",5
1692,"MacCarthy, Patricia",3
1693,"MacCuish, Al",2
1694,"MacDonald, Alan",4
1695,"MacDonald, George",5
1696,"MacFearson, P.",3
1697,"MacGill-Callahan, Sheila",3
1698,"MacGregor, Christopher",3
1699,"MacKay, Elly",2
1700,"MacKenzie, Ross",2
1701,"MacKinnon, Debbie",4
1702,"MacLachlan, Patricia",3
1703,"MacLeod, Robert",2
1704,"MacPhail, Catherine",5
1705,"MacPhail, David",3
1706,"MacRae, Tom",3
1707,"Macdonald, Betty",5
1708,"Macdonald, Kate",5
1709,"Macgregor, Angusine",5
1710,"Mack, Lorrie",4
1711,"Mackay, Janis",2
1712,"Macken, Walter",2
1713,"Mackenzie, Carine",5
1714,"Mackey, Stephen",2
1715,"Mackinnon, Mairi",2
1716,"Mackintosh, David",3
1717,"Maddern, Eric",5
1718,"Maddigan, Beth",3
1719,Madonna,3
1720,"Magloff, Lisa",4
1721,"Magorian, Michelle",3
1722,"Magrs, Paul",4
1723,"Magsamen, Sandra",3
1724,"Maguire, Kay",5
1725,"Maher, Ramona",5
1726,"Mahy, Margaret",3
1727,"Mainland, Pauline",4
1728,"Mair, J. Samia (Julie Samia)",2
1729,"Maizels, Jennie",4
1730,"Majaluoma, Markus",3
1731,"Malcolm, Jahnna N.",2
1732,"Mallat, Kathy",4
1733,"Man, Charlene",4
1734,"Mankell, Henning",3
1735,"Manning, Mick",2
1736,"Manning, Rosemary",5
1737,"Manning-Sanders, Ruth",3
1738,"Mantchev, Lisa",2
1739,"Maris, Ron",4
1740,"Mark, Jan",4
1741,"Marks, Graham",5
1742,"Marryat, Frederick",2
1743,"Marshall, Alan",2
1744,"Marshall, H. E. (Henrietta Elizabeth)",4
1745,"Marshall, Hazel",5
1746,"Marshall, James Vance",2
1747,"Marshall, Jill",5
1748,"Marshall, Mark",3
1749,"Marshall, Rita",4
1750,"Martin, Ann M.",3
1751,"Martin, Bill",5
1752,"Martin, David",2
1753,"Martin, J. P. (John Percival)",4
1754,"Martin, Jorge",3
1755,"Martin, Marc",5
1756,"Martin, Peter, Religious educator",3
1757,"Martin, R. D. (Rodney David)",4
1758,"Martineau, Susan",4
1759,"Martins, Isabel Minhós",2
1760,"Martín Larrañaga, Ana",3
1761,"Marxhausen, Joanne",5
1762,"Maryon, Kate",5
1763,"Marzo, Bridget",5
1764,"Marzollo, Jean",4
1765,"Masefield, John",5
1766,"Mason, Tom",2
1767,"Mass, Wendy",4
1768,"Masse, Josée",4
1769,"Massey, Jane",2
1770,"Massie, Felix",2
1771,"Massini, Sarah",2
1772,"Masson, Sophie",5
1773,"Mathers, Petra",2
1774,"Matoso, Madalena",4
1775,"Matsuoka, Mei",2
1776,"Matthews, Andrew",3
1777,"Matthews, John",4
1778,"Matthews, Rupert",2
1779,"Mattingley, Christobel",3
1780,"Maurois, André",5
1781,"Mayer, Kristen",4
1782,"Mayer, Marianna",5
1783,"Mayfield, Dan",3
1784,"Mayfield, Sue",4
1785,"Mayhew, James",4
1786,"Mayhew, Jon",4
1787,"Mayne, William",4
1788,"Mayo, Margaret",5
1789,"Mazer, Norma Fox",2
1790,"McAllister, Angela",3
1791,"McAllister, Margaret (Margaret I.)",4
1792,"McBratney, Sam",3
1793,"McCall Smith, Alexander",2
1794,"McCall, Alex",3
1795,"McCardie, Amanda",3
1796,"McCartney, Tania",4
1797,"McCaughrean, Geraldine",3
1798,"McClelland, Helen",3
1799,"McClintock, Mike",4
1800,"McCloskey, Robert",3
1801,"McClure, Gillian",5
1802,"McCombie, Karen",3
1803,"McCorquodale, Elizabeth",2
1804,"McDermid, Val",4
1805,"McDermott, Gerald",4
1806,"McDonald, Megan",5
1807,"McDonald, Meme",5
1808,"McDonnell, Patrick",3
1809,"McEwan, Ian",3
1810,"McGillis, Roderick",3
1811,"McGinness, Suzanne",5
1812,"McGough, Roger",4
1813,"McGovern, Ann",4
1814,"McGowan, Anthony",2
1815,"McKain, Kelly",4
1816,"McKay, Elizabeth",4
1817,"McKay, Hilary",5
1818,"McKee, David",2
1819,"McLaren, Meg",2
1820,"McLaughlin, Tom",4
1821,"McLeish, Andrew",4
1822,"McMurtry, Stan",3
1823,"McNally, John",5
1824,"McNaughton, Colin",3
1825,"McNiff, Dawn",3
1826,"McNish, Cliff",4
1827,"McPhail, David",2
1828,"McQuinn, Anna",3
1829,"McRobbie, David",2
1830,"McSkimming, Geoffrey",2
1831,"Meadows, Daisy",2
1832,"Mebs, Gudrun",5
1833,"Meddour, Wendy",5
1834,"Meehan, Thomas",4
1835,"Meek, Ann",5
1836,"Meigs, Cornelia",3
1837,"Melling, David",5
1838,"Melvin, Alice",2
1839,"Menchin, Scott",4
1840,"Mercer, Sienna",5
1841,"Meredith, Susan",3
1842,"Meres, Jonathan",4
1843,"Merry, Paul",2
1844,"Meserve, Jessica",5
1845,"Messaoudi, Michèle",4
1846,"Messenger, Norman",5
1847,"Metcalf, Dan",5
1848,"Metcalf, Paula",5
1849,"Mian, Zanib",4
1850,"Michael, Livi",3
1851,"Michaels, Anne",3
1852,"Mickelburgh, Juliet",3
1853,"Micklethwait, Lucy",2
1854,"Middleton, Charlotte",2
1855,"Milbourne, Anna",4
1856,"Miles, Bernard",4
1857,"Miles, Ellen",3
1858,"Milišić, Roman",2
1859,"Millard, Glenda",2
1860,"Millard, Kerry",3
1861,"Millen, C. M.",5
1862,"Miller, Carey",5
1863,"Miller, David",5
1864,"Miller, Pat Zietlow",4
1865,"Miller, Sharee",5
1866,"Miller, Sheila",3
1867,"Miller, Virginia",2
1868,"Miller, William",4
1869,"Miller, Zoe",5
1870,"Milligan, Spike",3
1871,"Milne, A. A. (Alan Alexander)",2
1872,"Milner, Kate",5
1873,"Milway, Alex",3
1874,"Minter, James",3
1875,"Mist, Rosalind",4
1876,"Mitchelhill, Barbara",4
1877,"Mitchell, Adrian",3
1878,"Mitchell, Angela, librarian",3
1879,"Mitchell, Elyne",3
1880,"Mitchell, Stephen",2
1881,"Mitton, Jacqueline",2
1882,"Mitton, Tony",3
1883,"Mizielińska, Aleksandra",3
1884,"Mlynowski, Sarah",3
1885,"Moerman, Jaklien",2
1886,"Moffat, Bill",2
1887,"Moir, Louise",5
1888,"Molloy, Michael",5
1889,"Momenceau, Amandine",2
1890,"Mongredien, Sue",2
1891,"Monks, Lydia",3
1892,"Monroe, Sue",4
1893,"Montanari, Eva",4
1894,"Montefiore, Santa",5
1895,"Montgomery, Beth",4
1896,"Montgomery, John",3
1897,"Montgomery, L. M. (Lucy Maud)",2
1898,"Montgomery, R. A. (Raymond A.)",4
1899,"Montgomery, Ross",5
1900,"Moon, Pat",2
1901,"Mooney, E. S.",2
1902,"Moore, Clement Clarke",2
1903,"Moore, Genevieve",5
1904,"Moore, Inga",5
1905,"Moore, Julianne",3
1906,"Moore, Suzi",2
1907,"Moorhouse, Tom",4
1908,"Moraes, Ana de",4
1909,"Moran, Caitlin",3
1910,"Morgan, Angie",3
1911,"Morgan, Melissa J.",4
1912,"Morgan, Michaela",5
1913,"Morgan, Nicola",2
1914,"Morgan, Sally",3
1915,"Morgand, Virginie",4
1916,"Morley, Ben",3
1917,"Morley, Jacqueline",3
1918,"Morpurgo, Michael",5
1919,"Morris, Dave",4
1920,"Morris, Jackie",2
1921,"Morris, Richard T.",4
1922,"Morrison, Toni",3
1923,"Morrissey, Dean",3
1924,"Mortimer, Rachael",4
1925,"Morton, Clay",4
1926,"Morton, Lone",2
1927,"Morton-Shaw, Christine",5
1928,"Moser, Barry",3
1929,"Moses, Brian",4
1930,"Moss, Emma",4
1931,"Moss, Helen",5
1932,"Moss, Miriam",2
1933,"Most, Bernard",3
1934,"Motum, Markus",5
1935,"Mould, Chris",3
1936,"Moundlic, Charlotte",2
1937,"Mueller, Virginia",2
1938,"Muir, Frank",5
1939,"Muir, Nicola",2
1940,"Mullenbach, Cheryl",4
1941,"Muller, Gerda",2
1942,"Mulligan, Andy",5
1943,"Mumford, Martha",4
1944,"Muncaster, Harriet",4
1945,"Munro, Fiona",5
1946,"Munsch, Robert N.",3
1947,"Murphy, Glenn",3
1948,"Murphy, Jill",2
1949,"Murphy, Mary",4
1950,"Murphy, Rita",3
1951,"Murray, Alison",5
1952,"Murray, Andrew",5
1953,"Murray, Diana",5
1954,"Murray, Martine",3
1955,"Murray, W. (William)",5
1956,"Musgrove, Marianne",3
1957,"Mushin, Jerry",4
1958,"Mutanda, Peter",2
1959,"Mutén, Burleigh",5
1960,Mwenye Hadithi,4
1961,"Mwenye, Hadithi",4
1962,"Myers, Benjamin J.",3
1963,"Myers, Stephan J.",2
1964,"Myron, Vicki",2
1965,"Müller, Martina",3
1966,"Nabb, Magdalen",2
1967,"Nadin, Joanna",2
1968,"Nagaraja, dharmachari",2
1969,"Naidoo, Beverley",4
1970,"Nanavati, Daniel",5
1971,"Nanji, Shenaaz",5
1972,"Naraynan, Manjula",5
1973,"Narsimhan, Mahtab",5
1974,"Nash, Scott",5
1975,"Nation, Terry",5
1976,"Naughton, Bill",3
1977,"Naylor, Phyllis Reynolds",3
1978,"Needham, Violet",5
1979,"Needle, Jan",4
1980,"Negley, Keith",4
1981,"Neilson, Annabelle",2
1982,"Nelson, Jo",2
1983,"Nesbit, E. (Edith)",4
1984,"Nesbitt, M. L.",2
1985,"Nesbø, Jo",4
1986,"Neville, Emily",2
1987,"Newbery, Linda",5
1988,"Newman, Ben",3
1989,"Newman, Dan",5
1990,"Newman, John (John Stephen)",2
1991,"Newman, Robert",3
1992,"Newsome, Jill",3
1993,"Nhất Hạnh, thích",2
1994,"Nicholls, Sally",3
1995,"Nichols, Beverley",2
1996,"Nicholson, Mike",2
1997,"Nicholson, Simon (Simon Bennett)",2
1998,"Nicoll, Helen",5
1999,"Nicoll, Tom",2
2000,"Nielsen, Kay Rasmus",2
2001,"Night, P. J.",5
2002,"Nightingale, Sandy",2
2003,"Nimmo, Jenny",2
2004,"Nimr, Sonia",2
2005,"Nix, Garth",2
2006,"Nixon, Joan Lowery",5
2007,"Nolan, Tina",3
2008,"Noon, Steve",4
2009,"Noonan, Diana",4
2010,"Norac, Carl",3
2011,"Nordqvist, Sven",5
2012,"Norriss, Andrew",4
2013,"Northfield, Gary",2
2014,"Northrup, Christiane",5
2015,"Norton, Jeff",4
2016,"Norton, Mary",3
2017,"Novak, B. J.",2
2018,"Nowaz, Max",3
2019,"Noyes, Deborah",3
2020,"Nöstlinger, Christine",4
2021,"O'Brien, Eileen",4
2022,"O'Brien, Robert C.",2
2023,"O'Byrne, Nicola",2
2024,"O'Connell, Christian",2
2025,"O'Connell, David",2
2026,"O'Dell, Scott",2
2027,"O'Donnell, Mabel",2
2028,"O'Dowd, Chris",4
2029,"O'Hara, Mary",2
2030,"O'Hara, Mo",5
2031,"O'Hara, Natalia",3
2032,"O'Keefe, Susan Heyboer",4
2033,"O'Neill, Gemma",5
2034,"O'Neill, Richard, storyteller",2
2035,"O'Shea, Pat",5
2036,"O'Shea, Wendy",2
2037,"O'Sullivan, Emer",3
2038,"Oakley, Graham",3
2039,"Oborne, Martine",5
2040,"Ocean, Davy",2
2041,"Ogden, Brian",5
2042,"Ogden, Charles",5
2043,"Ogilvy, Ian",5
2044,"Ohlsson, Kristina",3
2045,"Oikawa, Kenji",5
2046,"Oittinen, Riitta",5
2047,"Okorafor, Nnedi",4
2048,"Older, Effin",2
2049,"Oldfield, Jenny",2
2050,"Olenius, Elsa",2
2051,"Olfers, Sibylle",3
2052,"Olfers, Sibylle von",5
2053,"Oliver, Ilanit",2
2054,"Oliver, Lauren",3
2055,"Oliver, Martin",2
2056,"Oliver, Peter",3
2057,"Olten, Manuela",4
2058,"Onyefulu, Ifeoma",3
2059,"Oppel, Kenneth",3
2060,"Oppenheim, Joanne",5
2061,"Oral, Feridun",4
2062,"Oram, Hiawyn",2
2063,"Orbach, Ruth",3
2064,"Ormerod, Jan",5
2065,"Osborne, Mary Pope",5
2066,"Osborne, Neale",3
2067,"Ostrow, Kim",4
2068,"Oswald, Helen",4
2069,"Oulton, Harry",2
2070,"Overend, Jenni",2
2071,"Owen, Karen",2
2072,"Owen, Laura",5
2073,"Oxenbury, Helen",2
2074,"Packard, Edward",2
2075,"Packer, Tina",5
2076,"Page, P. K. (Patricia Kathleen)",2
2077,"Paisley, Heather",5
2078,"Palacio, R. J.",3
2079,"Palatini, Margie",2
2080,"Paley-Phillips, Giles",5
2081,"Palin, Michael",5
2082,"Palmer, Helen Marion",3
2083,"Palmer, Tom",3
2084,"Palmer, Tony",4
2085,"Pang, Hannah",3
2086,"Pankhurst, Kate",2
2087,"Parachini, Jodie",2
2088,"Paratore, Coleen",2
2089,"Pardoe, M. (Margot)",2
2090,"Parent, Nancy",2
2091,"Park, Ruth",4
2092,"Parker, Ant",5
2093,"Parker, Danny",5
2094,"Parr, Maria",3
2095,"Parr, Todd",2
2096,"Parry, Marianne",4
2097,"Parsley, Elise",4
2098,"Partis, Joanne",5
2099,"Paschkis, Julie",3
2100,"Pascoe, Sara",4
2101,"Pasquali, Elena",2
2102,"Pastis, Stephan",2
2103,"Paterson, A. B. (Andrew Barton)",2
2104,"Paterson, Cynthia",2
2105,"Paterson, Katherine",3
2106,"Paton Walsh, Jill",5
2107,"Patricelli, Leslie",2
2108,"Patron, Susan",3
2109,"Patten, Brian",5
2110,"Patterson, James",2
2111,"Patterson, Rebecca",2
2112,"Paul, Ann Whitford",4
2113,"Paul, Korky",4
2114,"Paulsen, Gary",3
2115,"Pausewang, Gudrun",5
2116,"Peach, L. du Garde (Lawrence du Garde)",2
2117,"Peachey, Caroline",5
2118,"Pearce, Clemency",3
2119,"Pearce, Philippa",3
2120,"Pearce, Robert",5
2121,"Pearson, Maggie",2
2122,"Peck, Dale",5
2123,"Peck, Richard",3
2124,"Peel, John",2
2125,"Peel, Megan",3
2126,"Peers, Bobbie",3
2127,"Peet, Mal",3
2128,"Peirce, Lincoln",2
2129,"Pelham, David",5
2130,"Pender, Lydia",4
2131,"Penn, Dan",2
2132,"Pennypacker, Sara",4
2133,"Penrose, Antony",3
2134,"Percival, Tom",3
2135,"Perrault, Charles",4
2136,"Perro, Bryan",5
2137,"Pessin-Whedbee, Brook",3
2138,"Peters, Andrew (Andrew Fusek)",5
2139,"Peters, Helen",5
2140,"Peters, Julie Anne",2
2141,"Peters, Polly",4
2142,"Petersen, Sharon",4
2143,"Petty, Dev",2
2144,"Petty, Kate",2
2145,"Peyton, K. M.",3
2146,"Pfister, Marcus",3
2147,"Philip, Gillian",2
2148,"Philip, Neil",4
2149,"Philip, Simon",4
2150,"Phillips, Ann",2
2151,"Phillips, Trish",5
2152,"Phinn, Gervase",3
2153,"Pichon, Liz",5
2154,"Pickford, Sue",4
2155,"Pielichaty, Helena",5
2156,"Pieńkowski, Jan",3
2157,"Pilgrim, Jane",3
2158,"Pilkey, Dav",2
2159,"Pilkington, Brian",2
2160,"Pilling, Ann",3
2161,"Pinder, Eric",5
2162,"Pinfold, Levi",4
2163,"Pinkney, Andrea Davis",4
2164,"Pinkney, Jerry",4
2165,"Piper, Sophie",2
2166,"Pirotta, Saviour",2
2167,"Pitcher, Caroline",5
2168,"Pitzorno, Bianca",5
2169,"Plant, David J.",2
2170,"Plath, Sylvia",4
2171,"Platt, Richard",4
2172,"Plichota, Anne",5
2173,"Poblocki, Dan",5
2174,"Pomranz, Craig",4
2175,"Ponsati, Anna",5
2176,"Porter, Eleanor H. (Eleanor Hodgman)",5
2177,"Porter, Henry",3
2178,"Poskitt, Kjartan",3
2179,"Postgate, Oliver",2
2180,"Potter, Alicia",2
2181,"Potter, Beatrix",5
2182,"Potter, Ellen",3
2183,"Potter, Molly",2
2184,"Pounder, Sibéal",5
2185,"Powell, Debbie",4
2186,"Powell, Huw",2
2187,"Powell, Jillian",4
2188,"Powell, John",2
2189,"Powell, Laura",3
2190,"Powers, Mark",4
2191,"Prasadam-Halls, Smriti",5
2192,"Pratchett, Terry",5
2193,"Prater, John",4
2194,"Preller, James",2
2195,"Prelutsky, Jack",5
2196,"Prescott, Simon",4
2197,"Presencer, Alain",4
2198,"Preston-Gannon, Frann",3
2199,"Preussler, Otfried",5
2200,"Previn, Stacey",2
2201,"Price, Robin",2
2202,"Price, Roger",5
2203,"Price, Susan",4
2204,"Price, Willard",5
2205,"Priestley, Chris",5
2206,"Prince, Alison",4
2207,"Prior, Ted",2
2208,"Pritchett, Georgia",4
2209,"Proimos, James",2
2210,"Prue, Sally",2
2211,"Prøysen, Alf",3
2212,"Pullein-Thompson, Christine",4
2213,"Pullein-Thompson, Josephine",5
2214,"Pullman, Philip",3
2215,"Punter, Russell",4
2216,"Puttock, Simon",4
2217,"Pál, Erika",3
2218,"Qamaruddin, Rizwana",2
2219,"Quarmby, Katharine",5
2220,"Rabe, Tish",2
2221,"Rabei, Carolina",3
2222,"Radcliffe, Theresa",5
2223,"Rae, Gwynedd",3
2224,"Ralphs, Matt",5
2225,"Ramani, Madhvi",3
2226,"Rand, Emily",2
2227,"Randall, Ronne",4
2228,"Ransome, Arthur",5
2229,"Raschka, Christopher",5
2230,"Ratnett, Michael",3
2231,"Rawlinson, Julia",2
2232,"Ray, Jane",5
2233,"Ray, Mary Lyn",3
2234,"Rayner, Catherine",3
2235,"Rayner, Jacqueline",4
2236,"Rayner, Mary",4
2237,"Rayner, Shoo",4
2238,"Raynor, Jacqueline",4
2239,"Razzi, Jim",5
2240,"Read, Anthony",5
2241,"Read, Lorna",4
2242,"Readman, Jo",4
2243,"Reagan, Jean",5
2244,"Reaves, Michael",2
2245,"Redfield, James",5
2246,"Redford, Ali",5
2247,"Redlich, Monica",5
2248,"Redmond, Diane",3
2249,"Rees, Ann",2
2250,"Rees, Celia",5
2251,"Rees, Gwyneth",5
2252,"Reeve, Penny",4
2253,"Reeve, Philip",4
2254,"Reeves, Alice",2
2255,"Rego, Marion",3
2256,"Reid, Camilla",2
2257,"Reiner, Carl",2
2258,"Reinhardt, Laurel Ann",4
2259,"Reinhart, Matthew",3
2260,"Reiss, John J.",3
2261,"Remington, Laurel",3
2262,"Rennison, Louise",2
2263,"Rey, H. A. (Hans Augusto)",2
2264,"Reynolds, Kimberley",4
2265,"Reynolds, Peter H. (Peter Hamilton)",4
2266,"Rhoades, Diane",4
2267,"Rhodes, Jewell Parker",3
2268,"Rhodes, Julie",5
2269,"Rhodes, Lou",2
2270,"Ricci, Christine",4
2271,"Richards, Frank",3
2272,"Richards, Justin",3
2273,"Richards, Keith",2
2274,"Richards, Mary Agnes",3
2275,"Richardson, Bill",2
2276,"Richardson, Justin",4
2277,"Richardson, Nigel",3
2278,"Richemont, Enid",5
2279,"Rickards, Lynne",3
2280,"Riddell, Chris",3
2281,"Rider, Cynthia",4
2282,"Ridley, Philip",3
2283,"Rim, Sujean",4
2284,"Riordan, James",4
2285,"Riordan, Rick",4
2286,"Ripper, Georgie",3
2287,"Rising, Janet",2
2288,"Ritchie, Alison",2
2289,"Rivett, Rachel",2
2290,"Rivoal, Marine",2
2291,"Rix, Jamie",4
2292,"Rix, Megan",2
2293,"Robert, Na'íma bint",3
2294,"Roberton, Fiona",5
2295,"Roberts, David",3
2296,"Roberts, Lynn",4
2297,"Roberts, Lynn (Lynn M.)",2
2298,"Roberts, Sheena",3
2299,"Robertson, Belle",5
2300,"Robertson, Bruce",3
2301,"Robertson, M. P.",3
2302,"Robertson, Matt",5
2303,"Robinson, Anthony",4
2304,"Robinson, Catherine",2
2305,"Robinson, Joan G.",4
2306,"Robinson, Michelle (Michelle Jane)",3
2307,"Robinson, Nigel",4
2308,"Robinson, Tom",5
2309,"Robinson, Tony",5
2310,"Robinson, W. Heath (William Heath)",2
2311,"Robshaw, Brandon",2
2312,"Rock, Lois",5
2313,"Rockwell, Norman",3
2314,"Rockwell, Thomas",5
2315,"Rockwell, Thomas Kent",3
2316,"Rodda, Emily",3
2317,"Roddie, Shen",3
2318,"Rodgers, Frank",4
2319,"Rodgers, Mary",5
2320,"Rogalski, Mark",2
2321,"Rogers, Amy",5
2322,"Rogers, Amy Keating",5
2323,"Rogers, Paul",5
2324,"Ronchi, Suzanna",4
2325,"Rood, Ronald N.",4
2326,"Rooney, Rachel",2
2327,"Roos, Stephen",5
2328,"Root, Phyllis",3
2329,"Ropes, Mary E. (Mary Emily)",2
2330,"Rose, Eilidh",4
2331,"Rose, Gerald",3
2332,"Rose, Nancy (Nancy Patricia)",4
2333,"Rosen, Lev Ac",4
2334,"Rosen, Lucy",3
2335,"Rosen, Michael",3
2336,"Rosevear, Catherine",5
2337,"Rosoff, Meg",2
2338,"Ross, Diana",4
2339,"Ross, Gary",4
2340,"Ross, Mandy",3
2341,"Ross, Tony",2
2342,"Ross, Tracey",3
2343,"Roth, Carol",2
2344,"Roughsey, Dick",5
2345,"Roussen, Jean",3
2346,"Rovetch, Lissa",4
2347,"Rowe, Thereza",3
2348,"Rowling, J. K.",4
2349,"Royston, Angela",5
2350,"Rubenstein, Gillian",5
2351,"Rubin, Sarah",2
2352,"Ruffle, David",4
2353,"Ruggles, Lucy",2
2354,"Rumble, Coral",2
2355,"Rundell, Katherine",5
2356,"Rusbridger, Alan",5
2357,"Rushdie, Salman",4
2358,"Russell, Christopher",2
2359,"Russell, Rachel Renée",4
2360,"Rutgers van der Loeff, Anna",4
2361,"Rutt, Val",2
2362,"Ryan, Candace",5
2363,"Ryan, John",2
2364,"Ryan, Margaret",4
2365,"Ryan, Patrick",4
2366,"Ryan, Rob",2
2367,"Ryder, Chloe",2
2368,"Rylant, Cynthia",2
2369,"Sabuda, Robert",2
2370,"Sachar, Louis",3
2371,"Saddlewick, A. B.",3
2372,"Sage, Angie",3
2373,"Sager Weinstein, Jacob",4
2374,"Said, S. F.",5
2375,"Saint-Exupéry, Antoine de",5
2376,"Salten, Felix",2
2377,"Saltzberg, Barney",5
2378,"Sanderson, Ruth",4
2379,"Sandu, Anca",3
2380,"Sandwall-Bergström, Martha",3
2381,"Sandén, Mårten",3
2382,"Sanna, Francesca",2
2383,"Santat, Dan",2
2384,"Santucci, Barbara",3
2385,"Saracino, Luciano",4
2386,"Sarah, Linda",2
2387,"Satrapi, Marjane",4
2388,"Saunders, Catherine",5
2389,"Saunders, George",3
2390,"Saunders, Kate",2
2391,"Savage, Melissa (Melissa D.)",2
2392,"Saville, Malcolm",4
2393,"Saxton, Jo",5
2394,"Sayre, April Pulley",2
2395,"Scagell, Robin",5
2396,"Scamell, Ragnhild",4
2397,"Scanlon, Elizabeth Garton",2
2398,"Scarry, Richard",2
2399,"Schaefer, Carole Lexa",5
2400,"Schafer, Kevin",3
2401,"Schamp, Tom",2
2402,"Scheffler, Axel",4
2403,"Schmidt, Annie M. G.",3
2404,"Schofield, Jo",3
2405,"Schotter, Roni",3
2406,"Schubert, Ingrid",3
2407,"Schulman, Janet",2
2408,"Schulz, Heidi",2
2409,"Schwartz, Roslyn",2
2410,"Schwarz, Viviane",5
2411,"Scieszka, Jon",2
2412,"Scott, Cavan",4
2413,"Scott, Hugh",3
2414,"Scott, Kate",5
2415,"Scotton, Rob",4
2416,"Seaworthy, Oscar",3
2417,"Sebag-Montefiore, Mary",4
2418,"Sedden, John",4
2419,"Sedgwick, Marcus",5
2420,"Seed, Andy",5
2421,"Segel, Jason",4
2422,"Sehgal, Kabir",3
2423,"Sehlin, Gunhild",4
2424,"Seigal, Joshua",5
2425,"Selfors, Suzanne",2
2426,"Selick, Henry",2
2427,"Selznick, Brian",2
2428,"Sen, Nandana",5
2429,"Sendak, Maurice",4
2430,"Senior, Suzy",5
2431,"Senunit, Mikhal",4
2432,"Sepúlveda, Luis",5
2433,"Serraillier, Ian",3
2434,"Serres, Alain",5
2435,"Seuss, dr",2
2436,"Severn, David",5
2437,"Sewell, Anna",4
2438,"Shadow, Nick",3
2439,"Shan, Darren",5
2440,"Shannon, David",3
2441,"Shannon, George",2
2442,"Sharkey, Niamh",5
2443,"Sharmat, Marjorie Weinman",4
2444,"Sharp, Margery",2
2445,"Sharratt, Nick",3
2446,"Shaul, Joel",5
2447,"Shaw, Evelyn",2
2448,"Shearer, Alex",5
2449,"Sheldon, Dyan",5
2450,"Shelton, Dave",2
2451,"Shepherd, Jessica",3
2452,"Shepherd, Jodie",3
2453,"Sherry, Kevin",2
2454,"Shevah, Emma",3
2455,"Shields, Gillian",3
2456,"Shipton, Paul",4
2457,"Shireen, Nadia",4
2458,"Shorrock, Claire",4
2459,"Shoshan, Beth",5
2460,"Shulman, Dee",5
2461,"Shuter, Jane",2
2462,"Sierra, Judy",3
2463,"Silberberg, Alan",4
2464,"Silver, Donald",5
2465,"Silverhardt, Lauryn",2
2466,"Silverstein, Shel",2
2467,"Silvestri, Cris",4
2468,"Simmonds, Posy",5
2469,"Simmons, Anthea",5
2470,"Simmons, Jane",3
2471,"Simon, Coco",3
2472,"Simon, Francesca",3
2473,"Simons, Paullina",3
2474,"Simpson, Annie",5
2475,"Sims, Lesley",3
2476,"Sinclair, Catherine",2
2477,"Sinclair, Mehded Maryam",2
2478,"Singer, Nicky",2
2479,"Sirett, Dawn",2
2480,"Sisulu, Elinor",2
2481,"Skevington, Andrea",3
2482,"Skinner, Daphne",2
2483,"Sklansky, Amy E.",5
2484,"Slater, Jim",2
2485,"Sleigh, Barbara",2
2486,"Sloat, Teri",4
2487,"Small, Lily",4
2488,"Smallman, Steve",3
2489,"Smart, Jamie",5
2490,"Smee, Nicola",4
2491,"Smid, Emmi",5
2492,"Smith, Alex T.",5
2493,"Smith, Ali",4
2494,"Smith, Ben Bailey",3
2495,"Smith, Briony May",5
2496,"Smith, David J. (David Julian)",4
2497,"Smith, Dodie",5
2498,"Smith, Doris Buchanan",5
2499,"Smith, Emma",4
2500,"Smith, Evelyn",5
2501,"Smith, Heather",2
2502,"Smith, James",2
2503,"Smith, Jenny",5
2504,"Smith, Joan",4
2505,"Smith, Lane",5
2506,"Smith, Maudie",4
2507,"Smith, Nigel",4
2508,"Smith, Rebecca Jane",3
2509,"Smith, Roland",3
2510,"Smith, Sarah L.",2
2511,"Smith, Sinclair",4
2512,"Smyth, Iain",3
2513,"Snell, Gordon",4
2514,"Snicket, Lemony",5
2515,"Snow, Alan",5
2516,"Snyder, Zilpha Keatley",4
2517,"Solomons, David",5
2518,"Sommer-Bodenburg, Angela",5
2519,"Souhami, Jessica",2
2520,"Southgate, Vera",4
2521,"Spalding, Esta",3
2522,"Spanyol, Jessica",3
2523,"Sparkes, Ali",5
2524,"Sparkes, Amy",4
2525,"Spector, Debra",2
2526,"Spedden, Daisy Corning Stone",5
2527,"Spence, Eleanor",4
2528,"Spencer, Debbie",2
2529,"Sperring, Mark",4
2530,"Spillane, Mickey",3
2531,"Spinelli, Eileen",4
2532,"Spinelli, Jerry",2
2533,"Spires, Elizabeth",5
2534,"Spirin, Gennady",5
2535,"Spitzer, Katja",3
2536,"Spurgeon, Maureen",4
2537,"Spyri, Johanna",2
2538,"St. John, Lauren",2
2539,"Staake, Bob",4
2540,"Stadther, Michael",2
2541,"Stainton, Keris",3
2542,"Stamp, Emer",5
2543,"Stanchfield, Justin",4
2544,"Standish, Ali",4
2545,"Stanford, Don",5
2546,"Stanley, Mandy",3
2547,"Stannard, Russell",4
2548,"Stanton, Andy",5
2549,"Stanton, Beck",3
2550,"Staples, Suzanne Fisher",3
2551,"Starbuck, Sara",5
2552,"Stark, Ulf",2
2553,"Starobinet︠s︡, Anna",3
2554,"Starr, Annabelle",4
2555,"Stead, Rebecca",2
2556,"Steadman, Ralph",4
2557,"Steele, Mary Q. (Mary Quintard)",2
2558,"Steele, Philip",3
2559,"Steer, Dugald",2
2560,"Steggall, Susan",3
2561,"Steig, William",3
2562,"Stein, Joshua David",2
2563,"Steiner, Joan (Joan Catherine)",2
2564,"Stephens, John",3
2565,"Stepto, Michele",3
2566,"Steptoe, Javaka",3
2567,"Steven, Kenneth C.",5
2568,"Stevens, Liza",3
2569,"Stevens, Rob, Air pilot",3
2570,"Stevenson, James",4
2571,"Stevenson, Laura C.",4
2572,"Stewart, Amber",4
2573,"Stewart, David",3
2574,"Stewart, Dianne",2
2575,"Stewart, Lizzy",3
2576,"Stewart, Mary",5
2577,"Stewart, Molly Mia",2
2578,"Stewart, Paul",3
2579,"Stewart, Sarah",3
2580,"Stewart, Trenton Lee",2
2581,"Stickland, Henrietta",5
2582,"Stickland, Paul",3
2583,"Stileman, Kali",3
2584,"Stimson, Joan",4
2585,"Stine, Megan",4
2586,"Stine, R. L.",4
2587,"Stock, Catherine",4
2588,"Stodart, Eleanor",3
2589,"Stone, Julia",4
2590,"Stone, Rex",5
2591,"Stone, Tom B.",3
2592,"Stoop, Naoko",3
2593,"Storr, Catherine",5
2594,"Stoten, Jim",4
2595,"Stott, Ann",3
2596,"Stout, Shawn K.",5
2597,"Stoutenburg, Adrien",2
2598,"Stow, Randolph",2
2599,"Stower, Adam",4
2600,"Strange, Lucy",3
2601,"Strathie, Chae",5
2602,"Stratton, Allan",3
2603,"Strauss, Gwen",3
2604,"Streatfeild, Noel",4
2605,"Stren, Patti",2
2606,"Strick, Alexandra",4
2607,"Strickland, Brad",3
2608,"Stride, Lottie",3
2609,"Strong, Jeremy",5
2610,"Styles, Showell",3
2611,"Sueyoshi, Akiko",2
2612,"Sullivan, Jenny",3
2613,"Sully, Katherine",2
2614,"Summers, Susan",5
2615,"Surojegin, Nora",2
2616,"Surplice, Holly",3
2617,"Sutcliff, Rosemary",3
2618,"Sutcliffe, Charlie",2
2619,"Sutcliffe, Mandy",4
2620,"Sutton, Eve",5
2621,"Sutton, Sally",5
2622,"Suzanne, Jamie",2
2623,"Swales, Roisin",2
2624,"Swamp, Jake",4
2625,"Sweeney, Joan",4
2626,"Swift, Keilly",2
2627,"Swindells, Robert E.",2
2628,"Swinford, Betty",4
2629,"Sykes, Julie",5
2630,"Sykes, Pamela",2
2631,"Symes, Ruth",3
2632,"Symes, Sally",2
2633,"Symons, Geraldine",3
2634,"Symons, Mitchell",5
2635,"Szlachetko, Andrew",5
2636,"Sánchez Vegara, Ma Isabel (María Isabel)",4
2637,"Sénac, Jean-Vincent",2
2638,"Tafuri, Nancy",2
2639,"Tait, A. L.",3
2640,"Tait, Katie",4
2641,"Tait, Pauline",3
2642,"Tan, Amy",4
2643,"Tan, Shaun",3
2644,"Tankard, Jeremy",2
2645,"Taplin, Sam",3
2646,"Tarakson, Stella",5
2647,"Tarpley, Todd",4
2648,"Tashlin, Frank",2
2649,"Tatchell, Judy",2
2650,"Tavner, Gill",5
2651,"Taylor, Barbara",2
2652,"Taylor, Cora",3
2653,"Taylor, G. P.",3
2654,"Taylor, Kenneth Nathaniel",2
2655,"Taylor, Sean",2
2656,"Tchana, Katrin",4
2657,"Te Kanawa, Kiri",5
2658,"Teckentrup, Britta",2
2659,"Teitelbaum, Michael",3
2660,"Temperley, Alan",5
2661,"Thaler, Mike",3
2662,"Thayer, Jane",3
2663,"Theobald, Joseph",4
2664,"Thomas, Carol",3
2665,"Thomas, Dylan",2
2666,"Thomas, Frances",4
2667,"Thomas, Ruth",2
2668,"Thomas, Tig",3
2669,"Thomas, Valérie",4
2670,"Thompson, Carol",2
2671,"Thompson, Colin",5
2672,"Thompson, Emma",3
2673,"Thompson, Eric",4
2674,"Thompson, Kate",4
2675,"Thompson, Kay",3
2676,"Thompson, Lisa",5
2677,"Thomson, Emma",5
2678,"Thomson, Jamie",2
2679,"Thomson, Pat",5
2680,"Thomson, Ruth",3
2681,"Thorne, Troy",5
2682,"Tickle, Jack",3
2683,"Tingay, Gail",4
2684,"Tison, Annette",4
2685,"Tobin, Paul",3
2686,"Todd, Barbara Euphan",5
2687,"Todd-Stanton, Joe",3
2688,"Toft, Di",4
2689,"Toksvig, Sandi",4
2690,"Tolkien, J. R. R. (John Ronald Reuel)",3
2691,"Tomlinson, Jill",4
2692,"Torday, Piers",2
2693,"Torres, Jennifer",5
2694,"Townend, Jack",2
2695,"Tozer, S. J. (Sarah Jane)",3
2696,"Trasler, Janee",5
2697,"Travers, P. L. (Pamela Lyndon)",2
2698,"Treadgold, Mary",5
2699,"Treahy, Iona",2
2700,"Trease, Geoffrey",2
2701,"Treece, Henry",2
2702,"Tregenza, Sharon",3
2703,"Tresselt, Alvin",3
2704,"Trevithick, Rosen",3
2705,"Trezise, Percy",5
2706,"Triggs, Teal",3
2707,"Trimble, Patti",4
2708,"Tripp, Nathaniel",4
2709,"Tritten, Charles",2
2710,"Trivizas, Eugenios",3
2711,"Troughton, Joanna",2
2712,"Truss, Lynne",5
2713,"Tullet, Hervé",3
2714,"Tuma, Refe",2
2715,"Turnbull, Ann",4
2716,"Turnbull, Stephanie",3
2717,"Turner, Ethel",5
2718,"Turska, Krystyna",2
2719,"Tyler, Brenda",5
2720,"Tyler, Val",5
2721,"Tzannes, Robin",4
2722,"Törnqvist, Rita",4
2723,"Ug, Philippe",5
2724,"Umansky, Kaye",4
2725,"Ungerer, Tomi",3
2726,"Ungureanu, Dan",3
2727,"Unsworth, Tania",4
2728,"Ure, Jean",4
2729,"Uttley, Alison",5
2730,"Vafaian, Marjan",4
2731,"Vainio, Pirkko",2
2732,"Valdes, Leslie",3
2733,"Valentine, Jenny",4
2734,"Van Allsburg, Chris",3
2735,"Van Dusen, Chris",4
2736,"Van Laan, Nancy",4
2737,"Vandyck, Katie",3
2738,"Varley, Susan",5
2739,"Vega, Denise",5
2740,"Velasquez, Eric",3
2741,"Velthuijs, Max",4
2742,"Venezia, Mike",5
2743,"Ventrella, Kim",4
2744,"Vere, Ed",4
2745,"Verma, Jatinder Nath",3
2746,"Verney, John",5
2747,"Vesey, A. (Amanda)",5
2748,"Vestly, Anne-Cath (Anne-Catharina)",5
2749,"Vickery, Diana C.",3
2750,"Vickery, Gill",3
2751,"Victoria, Queen of Great Britain",3
2752,"Vinge, Joan D.",3
2753,"Viorst, Judith",4
2754,"Vipont, Elfrida",4
2755,"Visconti, Guido",5
2756,"Viva, Frank",4
2757,"Voake, Charlotte",5
2758,"Voake, Steve",3
2759,"Voigt, Cynthia",2
2760,"Voilier, Claude",2
2761,"Vornholt, John",2
2762,"Vulliamy, Clara",2
2763,"Waddell, Martin",4
2764,"Wadsworth, Olive A.",4
2765,"Wagner, Jenny",2
2766,"Wakefield, S. A. (Sydney Alexander)",4
2767,"Walden, Libby",5
2768,"Waldron, Kevin",5
2769,"Walker, Anna",4
2770,"Walker, Richard",3
2771,"Wall, Dorothy",5
2772,"Wall, Laura",2
2773,"Wallace, Danny",4
2774,"Wallace, Ivy",3
2775,"Wallace, John",3
2776,"Wallace, Karen",5
2777,"Walliams, David",4
2778,"Walliman, Dominic, dr",4
2779,"Walsh, Ellen Stoll",4
2780,"Walsh, Joanna",4
2781,"Walters, Hugh",5
2782,"Walton, Ruth",4
2783,"Wan, Joyce",2
2784,"Wang, Gabrielle",5
2785,"Ward, Helen",4
2786,"Ward, Nick",3
2787,"Ware, Lesley",4
2788,"Waring, Geoff",3
2789,"Warner Hooke, Nina",4
2790,"Warner, Sally",5
2791,"Warnes, Tim",2
2792,"Warren, Rosalie",3
2793,"Warriner, Mercer",5
2794,"Watanabe, Shigeo",4
2795,"Waters, Fiona",4
2796,"Watson, Jane Werner",5
2797,"Watson, Jude",5
2798,"Watson, Tom",4
2799,"Watt, Fiona",5
2800,"Watt, Mélanie",5
2801,"Waugh, Sylvia",4
2802,"Wauters, Julia",3
2803,"Weaver, A. J.",2
2804,"Webb, Beth",5
2805,"Webb, Holly",3
2806,"Webb, Marion St. John",3
2807,"Webb, Sophie",4
2808,"Webb, Steve",5
2809,"Weber, Vicky",2
2810,"Webster, James",3
2811,"Webster, Jean",4
2812,"Webster, Sheryl",4
2813,"Wechterowicz, Przemysław",2
2814,"Weiss, Bobbi J. G.",3
2815,"Welford, Ross",4
2816,"Wellesley, Rosie",3
2817,"Wells, Rosemary",4
2818,"Welton, Jude",4
2819,"Weninger, Brigitte",4
2820,"West, Clare",5
2821,"West, Colin",5
2822,"West, Judy",5
2823,"West, Tracey",5
2824,"Westall, Robert",5
2825,"Westcott, Rebecca",2
2826,"Weston, Carrie",4
2827,"Whaley, Hannah",4
2828,"Wheatley, Abigail",4
2829,"Wheatley, Nadia",5
2830,"Wheeler, Kim",5
2831,"White, E. B. (Elwyn Brooks)",3
2832,"White, Kathryn (Kathryn Ivy)",3
2833,"White, Lesley",5
2834,"White, Osmar",4
2835,"White, Paul",4
2836,"White, T. H. (Terence Hanbury)",4
2837,"White, Wade Albert",3
2838,"Whitehorn, Harriet",4
2839,"Whitfield, Philip",2
2840,"Whitney, David",4
2841,"Whybrow, Ian",5
2842,"Wickstead, Sue",3
2843,"Wiebe, Trina",3
2844,"Wiesner, David",5
2845,"Wild, Margaret",5
2846,"Wilde, Oscar",3
2847,"Wilder, Laura Ingalls",4
2848,"Wildsmith, Brian",4
2849,"Wiley, Melissa",5
2850,"Wilhelm, Hans",4
2851,"Wilkie-Stibbs, Christine",2
2852,"Wilkins, Catherine",2
2853,"Wilkinson, Brenda Scott",4
2854,"Wilkinson, Carole",3
2855,"Willans, Geoffrey",4
2856,"Willems, Mo",5
2857,"Willetts, Lucy",3
2858,"Williams, Alex",3
2859,"Williams, Barbara",3
2860,"Williams, Brenda",5
2861,"Williams, Henrietta",3
2862,"Williams, Jay",5
2863,"Williams, Karen Lynn",4
2864,"Williams, Kit",2
2865,"Williams, Marcia",4
2866,"Williams, Rachel",5
2867,"Williams, Ursula Moray",3
2868,"Williamson, Duncan",3
2869,"Williamson, Lara",2
2870,"Williamson, Melanie",5
2871,"Willis, Alette J.",2
2872,"Willis, Jeanne",5
2873,"Wills, Julia",4
2874,"Willson, Sarah",3
2875,"Wilson, Amy",4
2876,"Wilson, Anna",2
2877,"Wilson, David Henry",4
2878,"Wilson, Gina",2
2879,"Wilson, Jacqueline",4
2880,"Wilson, Julia",2
2881,"Wilson, Karma",3
2882,"Wilson, Steve",4
2883,"Wilson, Tony",2
2884,"Wilson-Max, Ken",4
2885,"Windham, Joan",3
2886,"Windham, Ryder",4
2887,"Windsor, Justine",3
2888,"Winfrey, Elizabeth",3
2889,"Winkler, Henry",4
2890,"Winston, Robert M. L.",4
2891,"Winston, Sherri",4
2892,"Winter, A. P.",3
2893,"Winterson, Jeanette",2
2894,"Winton, Tim",5
2895,"Wisniewski, David",2
2896,"Withrow, Mindy",5
2897,"Woelflein, Luise",2
2898,"Wojtowycz, David",5
2899,"Wolf, Gita",5
2900,"Wolfe, Gillian",4
2901,"Wolkstein, Diane",5
2902,"Womack, Philip",2
2903,"Wong, Janet S.",5
2904,"Wood, A. J.",5
2905,"Wood, Audrey",2
2906,"Wood, Don",5
2907,"Wood, Jakki",4
2908,"Wood, Laura",3
2909,"Wood, Nancy C.",3
2910,"Woodfine, Katherine",5
2911,"Woods, Matilda",4
2912,"Woods, Titania",4
2913,"Woodward, Kay",5
2914,"Woollvin, Bethan",5
2915,"Worland, Steve",5
2916,"Wormell, Chris",4
2917,"Wormell, Christopher",4
2918,"Worth, Bonnie",3
2919,"Wrightson, Patricia",3
2920,"Wynne-Jones, Tim",4
2921,"Wyss, Johann David",4
2922,"Yamamoto, Lani",2
2923,"Yarlett, Emma",3
2924,"Yarrow, Peter",5
2925,"Yashima, Taro",4
2926,"Yates, Irene",5
2927,"Yates, Louise",4
2928,"Yee, Lisa",4
2929,"Yelland, David",3
2930,"Yeoman, John",3
2931,Yokococo,3
2932,"Yolen, Jane",5
2933,"Young, Caroline",4
2934,"Young, Moira",5
2935,"Yurdin, Betty",5
2936,"Zahler, Diane",4
2937,"Zeff, Claudia",3
2938,"Zei, Alki",5
2939,"Zelinsky, Paul O.",3
2940,"Zephaniah, Benjamin",3
2941,"Ziegler, Maddie",5
2942,"Zim, Herbert S. (Herbert Spencer)",4
2943,"Zimmerman, Andrea Griffing",3
2944,"Zion, Gene",5
2945,"Zipes, Jack",3
2946,"Zolotow, Charlotte",5
2947,"Zommer, Yuval",5
2948,"Zorn, Steven",3
2949,"Zucker, Jonny",2
2950,"Zuill, Andrea",3
2951,"de la Peña, Matt",3
